新系统供应商编码,_month,一级分类,下单金额,占比
V1407156,2016-03,五金电气,25.0,0.009394964299135663
V1407156,2016-03,服务类,2636.0,0.9906050357008643
V1407157,2016-04,五金电气,2142.5,0.06141308865556215
V1407157,2016-04,办公,1176.0,0.03370912124104602
V1407157,2016-04,印刷,1206.5,0.03458337991268879
V1407157,2016-04,工程电器,468.0,0.01341485437143668
V1407157,2016-04,建材,375.0,0.010749082028394776
V1407157,2016-04,服务用品,9665.5,0.2770540062545325
V1407157,2016-04,服务类,7019.8,0.20121708272780173
V1407157,2016-04,消防安防,858.0,0.024593899680967247
V1407157,2016-04,运营电器,1530.0,0.043856254675850685
V1407157,2016-04,鞋服配饰,410.0,0.011752329684378289
V1407157,2016-04,食品饮料,10035.4,0.28765690076734113
V1407161,2016-02,服务类,68816.1,1.0
V1407181,2017-06,五金电气,750.0,0.03672689878066696
V1407181,2017-06,服务类,19671.0,0.9632731012193331
V1407182,2016-03,服务类,17315.61,1.0
V1407182,2017-06,服务类,49484.57,1.0
V1407184,2016-03,五金电气,799174.26,0.7655000505656271
V1407184,2016-03,建材,244815.56,0.23449994943437283
V1407184,2016-12,五金电气,29890.0,1.0
V1407184,2017-03,五金电气,24313.0,0.47679093208871803
V1407184,2017-03,建材,26680.0,0.523209067911282
V1407184,2017-09,五金电气,57686.25,0.46654265697503966
V1407184,2017-09,建材,65960.0,0.5334573430249603
V1407184,2018-03,五金电气,7750.25,0.34832192896709024
V1407184,2018-03,建材,14500.0,0.6516780710329098
V1407188,2016-10,服务类,36638.17,1.0
V1407192,2016-08,五金电气,160.0,0.005527534028881365
V1407192,2016-08,服务类,28786.0,0.9944724659711186
V1407199,2016-02,食品饮料,7996.8,1.0
V1407209,2017-12,服务用品,18309.0,1.0
V1407215,2016-02,工程电器,337020.0,1.0
V1407215,2016-03,工程电器,1001066.0,1.0
V1407215,2016-11,工程电器,259410.0,1.0
V1407215,2017-03,工程电器,588820.0,1.0
V1407215,2017-12,工程电器,421590.0,1.0
V1407219,2016-03,建材,16425.0,1.0
V1407219,2016-05,建材,56865.0,1.0
V1407223,2016-12,五金电气,4956.8,1.0
V1407224,2017-10,五金电气,14373.0,1.0
V1407229,2016-09,五金电气,2774.0,1.0
V1407229,2016-10,五金电气,5005.0,1.0
V1407233,2016-11,建材,10634.0,1.0
V1407234,2016-03,建材,425669.0,1.0
V1407235,2016-03,五金电气,34781.49,0.9961051037746413
V1407235,2016-03,建材,136.0,0.003894896225358696
V1407235,2017-04,五金电气,40061.47,0.9996979181455871
V1407235,2017-04,建材,12.1055,0.00030208185441301587
V1407245,2016-03,服务用品,18816.0,0.5824305082647186
V1407245,2016-03,食品饮料,13490.0,0.41756949173528135
V1407245,2016-12,服务用品,41510.4,1.0
V1407245,2017-03,食品饮料,63929.6,1.0
V1407248,2017-05,服务类,9660.0,0.8334771354616048
V1407248,2017-05,消防安防,1930.0,0.16652286453839515
V1407252,2017-06,服务类,31893.0,1.0
V1407252,2017-08,服务类,138560.0,1.0
V1407265,2016-12,五金电气,1520.0,0.013193528227206444
V1407265,2016-12,服务类,113688.0,0.9868064717727936
V1407265,2017-12,五金电气,3420.0,0.008998081987786814
V1407265,2017-12,服务类,376661.0,0.9910019180122132
V1407266,2018-01,五金电气,1140.0,0.006036025541918609
V1407266,2018-01,服务类,187726.0,0.9939639744580814
V1407267,2016-07,暖通系统,200.0,0.007297938332421091
V1407267,2016-07,服务类,27205.0,0.9927020616675789
V1407267,2016-08,五金电气,180.0,0.0036407766990291263
V1407267,2016-08,服务类,49260.0,0.9963592233009708
V1407267,2017-06,服务类,12010.0,1.0
V1407267,2017-10,服务类,62350.0,1.0
V1407269,2017-03,服务类,19400.0,1.0
V1407274,2016-02,服务类,16040.0,1.0
V1407274,2016-10,服务类,27716.0,1.0
V1407289,2017-05,VI,9776.0,0.29921645445641526
V1407289,2017-05,服务类,22896.0,0.7007835455435847
V1407289,2017-06,VI,33970.0,0.3723882396790248
V1407289,2017-06,五金电气,2240.0,0.0245554800377102
V1407289,2017-06,服务类,55012.0,0.603056280283265
V1407291,2017-12,服务类,8200.0,1.0
V1407292,2016-04,五金电气,50.0,0.020712510356255178
V1407292,2016-04,服务类,2364.0,0.9792874896437448
V1407307,2016-03,服务类,13463.0,0.884966804706501
V1407307,2016-03,运营电器,1750.0,0.11503319529349898
V1407307,2016-12,服务类,6101.0,0.7861100373663188
V1407307,2016-12,运营电器,1660.0,0.21388996263368124
V1407310,2017-05,五金电气,28.0,0.0035587188612099642
V1407310,2017-05,服务类,7840.0,0.99644128113879
V1407311,2016-07,服务类,35346.0,1.0
V1407311,2017-03,服务类,6340.0,1.0
V1407317,2016-09,服务类,25890.0,1.0
V1407317,2017-09,服务类,10938.0,1.0
V1407317,2018-01,服务类,8249.0,1.0
V1407318,2017-10,工程电器,1875.0,0.03398031859946719
V1407318,2017-10,建材,17391.0,0.31517425107377806
V1407318,2017-10,服务类,35913.0,0.6508454303267548
V1407318,2017-11,VI,140.0,0.0015121239941675217
V1407318,2017-11,工程电器,2175.0,0.023491926337959712
V1407318,2017-11,建材,19250.0,0.20791704919803425
V1407318,2017-11,服务类,71020.0,0.7670789004698385
V1407319,2016-04,服务类,14560.0,1.0
V1407319,2017-10,服务类,6520.5,1.0
V1407324,2016-12,服务类,7550.0,1.0
V1407325,2017-08,工程电器,180.0,0.0661764705882353
V1407325,2017-08,服务类,2540.0,0.9338235294117647
V1407337,2016-04,服务类,4000.0,0.7017543859649122
V1407337,2016-04,消防安防,1500.0,0.2631578947368421
V1407337,2016-04,门锁系统,200.0,0.03508771929824561
V1407337,2016-05,服务类,5305.0,0.5607822410147991
V1407337,2016-05,消防安防,4155.0,0.4392177589852008
V1407337,2017-08,服务类,8450.0,0.8492462311557789
V1407337,2017-08,消防安防,1500.0,0.1507537688442211
V1407342,2016-11,服务类,12800.0,1.0
V1407346,2016-12,VI,1950.0,0.24405506883604505
V1407346,2016-12,消防安防,6040.0,0.7559449311639549
V1407348,2016-06,服务类,4260.0,0.9171151776103337
V1407348,2016-06,消防安防,385.0,0.08288482238966631
V1407348,2017-04,五金电气,500.0,0.36231884057971014
V1407348,2017-04,服务类,880.0,0.6376811594202898
V1407348,2017-07,服务类,19543.0,1.0
V1407362,2016-02,服务类,6000.0,1.0
V1407365,2016-04,服务类,4960.0,1.0
V1407366,2017-12,服务类,2600.0,1.0
V1407369,2016-10,服务类,31545.6,1.0
V1407372,2017-04,服务类,71141.0,1.0
V1407373,2017-06,建材,3970.0,0.11611718183307206
V1407373,2017-06,服务类,30219.6,0.8838828181669279
V1407392,2016-03,服务用品,60792.0,0.9079937865933804
V1407392,2016-03,运营电器,6160.0,0.09200621340661967
V1407404,2016-05,服务用品,650.0,1.0
V1407411,2016-03,五金电气,500.0,0.39904229848363926
V1407411,2016-03,服务用品,135.0,0.1077414205905826
V1407411,2016-03,服务类,550.0,0.4389465283320032
V1407411,2016-03,装饰,40.0,0.03192338387869114
V1407411,2016-03,餐具厨具,28.0,0.0223463687150838
V1407412,2016-12,五金电气,81.5,0.0038957003895700388
V1407412,2016-12,建材,20839.0,0.99610429961043
V1407412,2017-10,建材,81525.0,1.0
V1407413,2016-03,五金电气,465.0,0.004322485289606514
V1407413,2016-03,建材,107112.0,0.9956775147103935
V1407413,2017-04,建材,301848.685,1.0
V1407416,2016-04,运营电器,267031.0,1.0
V1407422,2016-09,运营电器,63000.0,1.0
V1407431,2016-03,服务用品,11832.0,1.0
V1407437,2016-02,办公,40.0,0.008787346221441126
V1407437,2016-02,印刷,4512.0,0.9912126537785588
V1407440,2016-09,服务类,51079.0,1.0
V1407450,2016-08,建材,112913.5,1.0
V1407450,2017-04,建材,88267.725,1.0
V1407450,2017-10,建材,131991.1,1.0
V1407467,2016-03,办公,1130.0,0.12049991469032588
V1407467,2016-03,服务用品,950.0,0.10130523801399079
V1407467,2016-03,特色商品,60.0,0.006398225558778365
V1407467,2016-03,食品饮料,7237.6,0.771796621736905
V1407474,2016-03,工程电器,1200.0,0.19837989750371962
V1407474,2016-03,服务用品,3823.0,0.6320052901306001
V1407474,2016-03,服务类,301.0,0.049760290957183005
V1407474,2016-03,运营电器,725.0,0.11985452140849727
V1407477,2016-04,办公,160.0,0.014483570200054313
V1407477,2016-04,印刷,10137.0,0.9176246944871911
V1407477,2016-04,服务类,750.0,0.0678917353127546
V1407485,2016-09,五金电气,2476.0,0.30136319376825704
V1407485,2016-09,工程电器,300.0,0.0365141187925998
V1407485,2016-09,建材,584.0,0.07108081791626096
V1407485,2016-09,服务类,4856.0,0.5910418695228822
V1407491,2016-03,五金电气,2680.0,0.29487787990198305
V1407491,2016-03,办公,1145.6192,0.12605140331007683
V1407491,2016-03,建材,998.143,0.1098247357011213
V1407491,2016-03,服务用品,1549.476,0.17048738725336013
V1407491,2016-03,服务类,2615.2699,0.28775568786696687
V1407491,2016-03,鞋服配饰,100.0,0.011002905966491906
V1407496,2016-03,建材,346483.5,1.0
V1407499,2016-02,服务类,94867.9,1.0
V1407509,2016-09,服务类,25336.75,1.0
V1407513,2016-05,服务类,29583.5,1.0
V1407534,2017-06,服务类,55172.6,1.0
V1407564,2016-02,服务类,23821.45,1.0
V1407566,2016-06,服务类,108766.78,1.0
V1407595,2016-02,服务类,35073.8,1.0
V1407598,2017-12,服务类,29901.3,1.0
V1407601,2016-03,服务类,47520.45,1.0
V1407611,2017-10,服务类,184741.75,1.0
V1407621,2017-01,服务用品,1599.0,1.0
V1407621,2017-09,服务用品,2236.0,1.0
V1407623,2016-03,特色商品,3981.1,0.11595042886892193
V1407623,2016-03,食品饮料,30353.4,0.8840495711310781
V1407641,2016-03,五金电气,5786.0,0.06575298877221691
V1407641,2016-03,办公,1887.0,0.02144415655257057
V1407641,2016-03,印刷,50.0,0.0005682076458020819
V1407641,2016-03,家具,800.0,0.00909132233283331
V1407641,2016-03,服务用品,13363.0,0.15185917541706442
V1407641,2016-03,服务类,60075.0,0.6827014864312014
V1407641,2016-03,消防安防,2900.0,0.03295604345652075
V1407641,2016-03,运营电器,640.0,0.007273057866266648
V1407641,2016-03,门锁系统,1200.0,0.013636983499249966
V1407641,2016-03,鞋服配饰,1255.0,0.014262011909632256
V1407641,2016-03,餐具厨具,40.0,0.0004545661166416655
V1407641,2017-03,五金电气,2970.0,0.12165151142786926
V1407641,2017-03,办公,332.0,0.01359875481281232
V1407641,2017-03,服务用品,7485.0,0.30658638486114526
V1407641,2017-03,服务类,10667.0,0.4369214385188826
V1407641,2017-03,消防安防,1540.0,0.06307856148111739
V1407641,2017-03,鞋服配饰,1420.0,0.05816334889817318
V1407641,2017-04,五金电气,27696.0,0.46569187931289596
V1407641,2017-04,办公,80.0,0.0013451527420938647
V1407641,2017-04,服务用品,2788.0,0.046878573061971185
V1407641,2017-04,服务类,13658.8,0.22966465342139597
V1407641,2017-04,消防安防,1170.0,0.019672858853122772
V1407641,2017-04,运营电器,12980.0,0.21825103240472954
V1407641,2017-04,鞋服配饰,1100.0,0.01849585020379064
V1407679,2017-04,服务类,250.0,0.07598784194528875
V1407679,2017-04,消防安防,3040.0,0.9240121580547113
V1407703,2016-07,VI,37380.0,1.0
V1407703,2016-09,VI,54872.55,0.6694505258547542
V1407703,2016-09,印刷,26214.0,0.3198133872903032
V1407703,2016-09,服务用品,200.0,0.0024400197397596948
V1407703,2016-09,服务类,620.0,0.007564061193255053
V1407703,2016-09,鞋服配饰,60.0,0.0007320059219279083
V1407712,2016-02,服务用品,3216.56,1.0
V1407712,2016-03,VI,90.0,0.00809862323405021
V1407712,2016-03,办公,400.0,0.035993881040223163
V1407712,2016-03,印刷,408.0,0.03671375866102763
V1407712,2016-03,服务用品,9675.0,0.8706019976603977
V1407712,2016-03,服务类,540.0,0.04859173940430127
V1407712,2016-04,办公,650.0,0.040678237643515955
V1407712,2016-04,服务用品,14754.06,0.9233371675179892
V1407712,2016-04,服务类,575.0,0.03598459483849488
V1407712,2017-04,办公,250.0,0.018561140396465958
V1407712,2017-04,服务用品,12999.0,0.965105056054644
V1407712,2017-04,服务类,220.0,0.016333803548890045
V1407715,2016-02,VI,140.0,0.011176306230790724
V1407715,2016-02,办公,207.5,0.01656488244920768
V1407715,2016-02,印刷,11739.0,0.9371332774518022
V1407715,2016-02,服务类,440.0,0.035125533868199416
V1407715,2016-03,VI,11450.0,0.3807528598031391
V1407715,2016-03,办公,655.0,0.021781058792231977
V1407715,2016-03,印刷,16648.0,0.5536046820963022
V1407715,2016-03,服务用品,240.0,0.007980845969672785
V1407715,2016-03,服务类,1079.0,0.0358805533386539
V1407715,2016-10,VI,2824.0,0.1451778737404894
V1407715,2016-10,办公,191.5,0.009844746041538146
V1407715,2016-10,印刷,16301.5,0.8380372198231544
V1407715,2016-10,服务类,135.0,0.006940160394818013
V1407715,2017-12,VI,1307.0,0.13731948581364684
V1407715,2017-12,办公,440.0,0.04622844204897063
V1407715,2017-12,印刷,6915.95,0.7266218040649509
V1407715,2017-12,服务用品,480.0,0.050431027689786134
V1407715,2017-12,服务类,375.0,0.03939924038264542
V1407717,2016-11,消防安防,21510.0,1.0
V1407717,2018-01,消防安防,2440.0,1.0
V1407728,2016-03,办公,3084.0,1.0
V1407730,2016-05,五金电气,1810.0,0.01240984011189425
V1407730,2016-05,办公,280.0,0.001919754271453254
V1407730,2016-05,工程电器,1050.0,0.0071990785179497025
V1407730,2016-05,建材,924.0,0.006335189095795738
V1407730,2016-05,暖通系统,360.0,0.0024682554918684695
V1407730,2016-05,服务用品,3750.0,0.02571099470696322
V1407730,2016-05,服务类,129948.0,0.8909579573814552
V1407730,2016-05,消防安防,6400.0,0.043880097633217235
V1407730,2016-05,门锁系统,1330.0,0.009118832789402957
V1407735,2016-05,办公,339.0,0.030049491778884527
V1407735,2016-05,服务用品,10384.3888,0.9204885129036595
V1407735,2016-05,鞋服配饰,558.0,0.049461995317455945
V1407752,2016-12,VI,1824.0,0.15399949088984097
V1407752,2016-12,五金电气,1874.0,0.15822096816204057
V1407752,2016-12,办公,110.0,0.009287249998839094
V1407752,2016-12,印刷,3430.1949999999997,0.2896098046342533
V1407752,2016-12,服务用品,1558.5,0.13158344657446117
V1407752,2016-12,服务类,2995.0,0.25286648860475536
V1407752,2016-12,鞋服配饰,52.5,0.0044325511358095674
V1407752,2017-12,VI,201.0,0.06021209034809179
V1407752,2017-12,办公,70.0,0.020969384698340424
V1407752,2017-12,印刷,3067.2,0.9188185249535678
V1407754,2017-03,VI,4647.0,0.9974243399871217
V1407754,2017-03,印刷,12.0,0.0025756600128783
V1407756,2016-02,服务用品,600.0,0.08994018977380042
V1407756,2016-02,特色商品,322.0,0.04826790184527289
V1407756,2016-02,食品饮料,5749.1,0.8617919083809267
V1407758,2016-05,服务类,18980.0,0.9046711153479504
V1407758,2016-05,消防安防,2000.0,0.09532888465204957
V1407775,2017-10,IT产品,185.0,0.0014703077314343845
V1407775,2017-10,五金电气,3460.0,0.027498728382502544
V1407775,2017-10,办公,1192.0,0.0094735503560529
V1407775,2017-10,服务用品,165.0,0.001311355544252289
V1407775,2017-10,服务类,45337.0,0.3603207655137335
V1407775,2017-10,消防安防,74475.0,0.5918982070193286
V1407775,2017-10,特色商品,1010.0,0.008027085452695829
V1407784,2016-03,五金电气,11765.0,0.41752134628897514
V1407784,2016-03,办公,120.0,0.004258611266865875
V1407784,2016-03,服务用品,450.0,0.01596979225074703
V1407784,2016-03,服务类,14373.2,0.510082262174305
V1407784,2016-03,消防安防,1470.0,0.052167988019106964
V1407784,2016-12,五金电气,4435.0,0.17132144654790182
V1407784,2016-12,办公,101.0,0.0039015707105610107
V1407784,2016-12,建材,1725.88,0.06666973126676275
V1407784,2016-12,暖通系统,349.38,0.01349634430550303
V1407784,2016-12,服务用品,1600.0,0.061807060761362546
V1407784,2016-12,服务类,17589.75,0.6794817168919856
V1407784,2016-12,运营电器,86.0,0.003322129515923237
V1407788,2016-03,办公,3930.0,0.2463949843260188
V1407788,2016-03,服务类,2780.0,0.174294670846395
V1407788,2016-03,消防安防,9240.0,0.5793103448275863
V1407788,2017-05,办公,300.0,0.06944444444444445
V1407788,2017-05,服务类,200.0,0.046296296296296294
V1407788,2017-05,消防安防,3820.0,0.8842592592592593
V1407788,2017-06,办公,150.0,0.01058574453069866
V1407788,2017-06,服务类,10920.0,0.7706422018348624
V1407788,2017-06,消防安防,3100.0,0.21877205363443897
V1407788,2017-10,办公,5140.0,0.05068033918359298
V1407788,2017-10,服务用品,120.0,0.0011831985801617037
V1407788,2017-10,服务类,68510.0,0.6755077893906527
V1407788,2017-10,消防安防,27650.0,0.2726286728455926
V1407804,2016-10,特色商品,2295.0,0.102310569417387
V1407804,2016-10,食品饮料,20136.7,0.897689430582613
V1407816,2016-12,服务用品,4368.0,0.3023255813953488
V1407816,2016-12,餐具厨具,10080.0,0.6976744186046512
V1407818,2016-11,工程电器,1287300.0,1.0
V1407818,2016-12,工程电器,1458390.0,1.0
V1407818,2017-06,工程电器,1761215.0,1.0
V1407818,2017-07,工程电器,4219773.0,1.0
V1407819,2016-03,建材,280106.0,1.0
V1407819,2016-09,建材,307276.0,1.0
V1407821,2017-06,服务用品,2700.0,1.0
V1407823,2016-05,五金电气,77109.0,1.0
V1407823,2017-03,五金电气,2628.0,0.1178898259465279
V1407823,2017-03,建材,19664.0,0.8821101740534721
V1407823,2017-09,五金电气,29440.0,1.0
V1407823,2017-10,五金电气,101475.5,1.0
V1407829,2017-07,办公,45140.0,1.0
V1407835,2016-11,床垫,344057.0,1.0
V1407837,2016-12,服务用品,1382949.22,1.0
V1407837,2017-12,服务用品,2060203.0,1.0
V1407852,2016-09,家具,67394.0,1.0
V1407852,2017-04,家具,977610.1308,0.9859014328947373
V1407852,2017-04,服务用品,13980.0,0.014098567105262682
V1407862,2016-03,建材,1320.0,1.0
V1408006,2016-05,服务类,38584.5,1.0
V1408047,2017-04,装饰,279689.71,1.0
V1408061,2016-03,鞋服配饰,11070.0,1.0
V1408062,2016-04,VI,88.0,0.0018418978513591784
V1408062,2016-04,印刷,43900.808,0.9188727719105889
V1408062,2016-04,服务类,3788.0,0.07928533023805191
V1408068,2016-06,服务类,5200.0,1.0
V1408069,2016-06,家具,639553.42,1.0
V1408069,2017-04,家具,1220967.3,1.0
V1408069,2017-05,家具,1579267.0,1.0
V1408069,2017-09,家具,603256.0,1.0
V1408070,2016-03,IT产品,167200.0,0.9838187702265372
V1408070,2016-03,办公,2750.0,0.016181229773462782
V1408070,2016-04,IT产品,1045400.0,1.0
V1408074,2016-05,服务类,36938.3,1.0
V1408076,2016-02,服务类,27418.3,1.0
V1408079,2016-05,食品饮料,16991.5,1.0
V1408080,2016-03,VI,270.0,0.022691935958314074
V1408080,2016-03,服务用品,10950.5,0.9203260915241417
V1408080,2016-03,服务类,138.0,0.011598100600916083
V1408080,2016-03,运营电器,540.0,0.04538387191662815
V1408084,2016-06,办公,508.1,0.06321066905526113
V1408084,2016-06,服务用品,5009.6,0.6232241048991067
V1408084,2016-06,服务类,370.5,0.04609240874822721
V1408084,2016-06,运营电器,840.0,0.10450100768828842
V1408084,2016-06,鞋服配饰,1310.0,0.16297180960911645
V1408098,2016-02,服务类,21731.0,1.0
V1408111,2016-10,服务类,61179.2,1.0
V1408120,2016-05,VI,1126.0,0.05830269766478538
V1408120,2016-05,印刷,18187.0,0.9416973023352146
V1408143,2016-03,VI,284.0,0.047043233394069905
V1408143,2016-03,印刷,5753.0,0.9529567666059301
V1408144,2016-02,食品饮料,12152.529999999999,1.0
V1408144,2016-11,食品饮料,4014.0,1.0
V1408170,2016-04,办公,640.0,0.27176220806794055
V1408170,2016-04,运营电器,1715.0,0.7282377919320594
V1408170,2017-10,办公,2705.0,0.44747725392886684
V1408170,2017-10,消防安防,1140.0,0.18858560794044665
V1408170,2017-10,运营电器,2200.0,0.3639371381306865
V1408180,2016-03,办公,2174.0,0.35183686680692666
V1408180,2016-03,特色商品,4005.0,0.6481631331930733
V1408182,2016-03,服务用品,6583.0,0.8965000680920605
V1408182,2016-03,运营电器,760.0,0.10349993190793953
V1408192,2017-03,五金电气,3061.0,0.09901774782337251
V1408192,2017-03,办公,874.0,0.028272300423922765
V1408192,2017-03,服务用品,11536.65,0.37318951337030726
V1408192,2017-03,服务类,14622.0,0.4729949391288314
V1408192,2017-03,消防安防,720.0,0.023290682271423786
V1408192,2017-03,运营电器,100.0,0.003234816982142193
V1408192,2017-11,五金电气,2966.0,0.20094673962898701
V1408192,2017-11,办公,1008.0,0.06829208143830712
V1408192,2017-11,建材,664.0,0.044986053645868974
V1408192,2017-11,服务用品,5672.8,0.38433265831669505
V1408192,2017-11,服务类,3909.33,0.26485742334247736
V1408192,2017-11,消防安防,130.0,0.008807510502956275
V1408192,2017-11,运营电器,70.0,0.004742505655437994
V1408192,2017-11,门锁系统,180.0,0.012195014542554842
V1408192,2017-11,鞋服配饰,160.0,0.010840012926715416
V1408202,2016-02,服务类,26500.0,1.0
V1408202,2016-07,服务类,36735.0,1.0
V1408202,2016-12,服务类,75798.4,1.0
V1408221,2017-08,VI,920.0,0.13509544787077826
V1408221,2017-08,印刷,5890.0,0.8649045521292217
V1408231,2016-03,VI,3518.0,0.2654994151164107
V1408231,2016-03,印刷,9732.5,0.7345005848835893
V1408231,2017-05,VI,510.0,0.06069260978222064
V1408231,2017-05,印刷,7893.0,0.9393073902177793
V1408235,2016-03,印刷,5200.0,1.0
V1408237,2016-03,特色商品,864.0,0.044559051057246
V1408237,2016-03,食品饮料,18526.0,0.955440948942754
V1408260,2016-07,VI,7687.0,0.3535878564857406
V1408260,2016-07,印刷,13903.0,0.6395124195032199
V1408260,2016-07,服务类,150.0,0.0068997240110395585
V1408337,2016-05,服务用品,1930.0,1.0
V1408347,2017-10,VI,2425.0,0.13915987604728566
V1408347,2017-10,办公,42.5,0.0024388844255709857
V1408347,2017-10,印刷,14892.5,0.8546137954780213
V1408347,2017-10,服务类,66.0,0.0037874440491220017
V1408354,2016-03,VI,205.0,0.001789416569892691
V1408354,2016-03,五金电气,8281.0,0.07228370056234816
V1408354,2016-03,办公,6063.03,0.052923348028080394
V1408354,2016-03,工程电器,1951.6,0.017035245745378416
V1408354,2016-03,建材,312.0,0.00272340473076351
V1408354,2016-03,服务用品,19125.62,0.1669448845730295
V1408354,2016-03,服务类,18487.44,0.16137429985803378
V1408354,2016-03,消防安防,1572.0,0.013721769989616148
V1408354,2016-03,特色商品,3407.872,0.029746842072552897
V1408354,2016-03,运营电器,3355.04,0.029285678871476945
V1408354,2016-03,门锁系统,364.0,0.003177305519224095
V1408354,2016-03,鞋服配饰,3472.0,0.030306606491060598
V1408354,2016-03,食品饮料,47100.878,0.41113703194972734
V1408354,2016-03,餐具厨具,865.0,0.0075504650388155
V1408354,2016-12,服务用品,754.0,0.6221122112211221
V1408354,2016-12,鞋服配饰,458.0,0.3778877887788779
V1408382,2016-09,五金电气,115.0,0.018593371059013743
V1408382,2016-09,办公,285.0,0.046079223928860144
V1408382,2016-09,印刷,163.0,0.02635408245755861
V1408382,2016-09,服务用品,1780.0,0.2877930476960388
V1408382,2016-09,服务类,720.0,0.116410670978173
V1408382,2016-09,消防安防,1520.0,0.24575586095392077
V1408382,2016-09,运营电器,750.0,0.12126111560226355
V1408382,2016-09,鞋服配饰,852.0,0.13775262732417137
V1408382,2016-10,五金电气,2215.0,0.22432651407737492
V1408382,2016-10,办公,629.0,0.06370265343325907
V1408382,2016-10,暖通系统,65.0,0.006582945108365404
V1408382,2016-10,服务用品,3390.0,0.3433259064209034
V1408382,2016-10,服务类,2784.0,0.2819526027952198
V1408382,2016-10,鞋服配饰,506.0,0.05124569576665992
V1408382,2016-10,餐具厨具,285.0,0.02886368239821754
V1408382,2016-11,五金电气,4040.0,0.2070403985015195
V1408382,2016-11,办公,1190.0,0.06098467183584362
V1408382,2016-11,印刷,312.0,0.01598925849813715
V1408382,2016-11,建材,270.0,0.01383685831569561
V1408382,2016-11,服务用品,4300.0,0.22036478058330047
V1408382,2016-11,服务类,3201.1,0.16404876723841932
V1408382,2016-11,消防安防,1563.0,0.08010003536086015
V1408382,2016-11,运营电器,1480.0,0.07584648261936854
V1408382,2016-11,鞋服配饰,2361.0,0.1209956388272494
V1408382,2016-11,餐具厨具,796.0,0.04079310821960632
V1408382,2016-12,VI,13.0,0.0003480672894393707
V1408382,2016-12,五金电气,6534.0,0.17494397455360372
V1408382,2016-12,办公,8616.3,0.2306963219997269
V1408382,2016-12,印刷,148.0,0.003962612218232835
V1408382,2016-12,家具,1340.0,0.035877705219135136
V1408382,2016-12,工程电器,1500.0,0.04016161031992739
V1408382,2016-12,建材,1205.0,0.032263160290341666
V1408382,2016-12,暖通系统,298.0,0.007978773250225574
V1408382,2016-12,服务用品,4061.6,0.10874693098361139
V1408382,2016-12,服务类,5540.2,0.14833556899630782
V1408382,2016-12,消防安防,1032.0,0.027631187900110044
V1408382,2016-12,运营电器,1075.0,0.02878248739594796
V1408382,2016-12,鞋服配饰,4990.0,0.13360429033095844
V1408382,2016-12,餐具厨具,996.0,0.026667309252431787
V1408382,2017-07,五金电气,4612.5,0.14373860608610292
V1408382,2017-07,办公,449.0,0.013992115801118745
V1408382,2017-07,家具,21380.0,0.6662615497281043
V1408382,2017-07,建材,150.0,0.004674426214182209
V1408382,2017-07,服务用品,2549.0,0.07943408279966968
V1408382,2017-07,服务类,1493.0,0.046526122251826924
V1408382,2017-07,装饰,350.0,0.010906994499758488
V1408382,2017-07,运营电器,200.0,0.006232568285576279
V1408382,2017-07,鞋服配饰,906.0,0.028233534333660545
V1408393,2017-08,办公,375.0,0.034751181540172364
V1408393,2017-08,服务类,10416.0,0.9652488184598277
V1408396,2016-11,VI,550.0,0.4365079365079365
V1408396,2016-11,印刷,610.0,0.48412698412698413
V1408396,2016-11,装饰,100.0,0.07936507936507936
V1408407,2017-06,特色商品,2782.2,0.3090481733922208
V1408407,2017-06,食品饮料,6220.28,0.6909518266077792
V1408409,2016-02,VI,820.0,0.30158146377344613
V1408409,2016-02,办公,350.0,0.12872379551305627
V1408409,2016-02,印刷,1399.0,0.5145273997793306
V1408409,2016-02,服务类,150.0,0.055167340934166975
V1408409,2016-04,VI,250.0,0.0277623542476402
V1408409,2016-04,办公,2060.0,0.22876179900055524
V1408409,2016-04,印刷,5450.0,0.6052193225985564
V1408409,2016-04,服务类,1110.0,0.12326485285952249
V1408409,2016-04,鞋服配饰,135.0,0.014991671293725709
V1408420,2016-04,服务用品,1064.0,0.08517287532099928
V1408420,2016-04,特色商品,46.5,0.0037223108105511903
V1408420,2016-04,食品饮料,11381.74,0.9111048138684495
V1408427,2016-03,服务类,112.0,0.03361344537815126
V1408427,2016-03,消防安防,3220.0,0.9663865546218487
V1408427,2017-06,服务类,840.0,0.11666666666666667
V1408427,2017-06,消防安防,3460.0,0.48055555555555557
V1408427,2017-06,运营电器,2900.0,0.4027777777777778
V1408428,2016-10,特色商品,758.8,0.16763133477665357
V1408428,2016-10,食品饮料,3767.7999999999997,0.8323686652233465
V1408428,2016-11,特色商品,1894.0,0.19655254719232884
V1408428,2016-11,食品饮料,7742.1,0.8034474528076712
V1408428,2017-09,特色商品,1333.0,0.06515852144414355
V1408428,2017-09,食品饮料,19124.8,0.9348414785558564
V1408441,2017-06,服务用品,6896.0,0.9404705080122742
V1408441,2017-06,服务类,360.0,0.049096488237299694
V1408441,2017-06,鞋服配饰,76.5,0.010433003750426184
V1408441,2017-12,五金电气,9450.0,0.3100790455471665
V1408441,2017-12,家具,4820.0,0.1581567195277611
V1408441,2017-12,服务用品,13890.1,0.4557702593179574
V1408441,2017-12,服务类,180.0,0.005906267534231743
V1408441,2017-12,消防安防,300.0,0.009843779223719571
V1408441,2017-12,特色商品,750.0,0.024609448059298926
V1408441,2017-12,运营电器,250.0,0.008203149353099643
V1408441,2017-12,鞋服配饰,76.0,0.002493757403342291
V1408441,2017-12,餐具厨具,760.0,0.024937574033422914
V1408443,2016-08,暖通系统,6480.0,0.1656441717791411
V1408443,2016-08,服务类,8855.0,0.22635480572597136
V1408443,2016-08,消防安防,23785.0,0.6080010224948875
V1408443,2017-06,暖通系统,7350.0,0.35860655737704916
V1408443,2017-06,服务类,6090.0,0.29713114754098363
V1408443,2017-06,消防安防,7056.0,0.3442622950819672
V1408443,2017-08,暖通系统,2300.0,0.030309819063558372
V1408443,2017-08,服务类,41150.0,0.5422821975936639
V1408443,2017-08,消防安防,32433.0,0.4274079833427777
V1408444,2016-03,五金电气,640.0,0.01189499323007612
V1408444,2016-03,办公,68.0,0.0012638430306955875
V1408444,2016-03,服务用品,1872.0,0.03479285519797264
V1408444,2016-03,服务类,150.0,0.00278788903829909
V1408444,2016-03,特色商品,1118.0,0.020779066298789218
V1408444,2016-03,运营电器,4761.0,0.08848759807561313
V1408444,2016-03,食品饮料,45195.15,0.8399937551285542
V1408445,2017-06,VI,583.0,0.04916284031352906
V1408445,2017-06,五金电气,10.0,0.0008432734187569307
V1408445,2017-06,办公,387.0,0.03263468130589322
V1408445,2017-06,印刷,10551.05,0.8897420004975313
V1408445,2017-06,服务类,227.5,0.019184470276720173
V1408445,2017-06,鞋服配饰,100.0,0.008432734187569306
V1408447,2016-02,VI,907.0,0.14969466908730814
V1408447,2016-02,印刷,5152.0,0.8503053309126919
V1408447,2017-02,VI,1678.0,0.333631573715081
V1408447,2017-02,印刷,1937.0,0.3851277462968486
V1408447,2017-02,服务类,1264.5,0.25141664181330153
V1408447,2017-02,消防安防,150.0,0.029824038174768863
V1408447,2017-08,VI,1932.6,0.3883374191214885
V1408447,2017-08,印刷,1709.0,0.34340714544066225
V1408447,2017-08,服务类,1335.0,0.26825543543784913
V1408447,2017-12,VI,2762.0,0.4003478765038411
V1408447,2017-12,印刷,3477.0,0.5039860849398463
V1408447,2017-12,服务类,615.0,0.0891433541092912
V1408447,2017-12,消防安防,45.0,0.006522684447021307
V1408459,2016-05,服务类,72210.4,1.0
V1408469,2016-12,服务类,18332.0,1.0
V1409015,2016-04,工程电器,4800.0,0.007285833936021059
V1409015,2016-04,服务用品,260630.88999999998,0.39560695482028574
V1409015,2016-04,运营电器,86349.0,0.13106759886280883
V1409015,2016-04,鞋服配饰,1330.0,0.002018783153105835
V1409015,2016-04,餐具厨具,305702.82,0.4640208292277786
V1409015,2016-11,办公,420.0,0.0004374914825876984
V1409015,2016-11,服务用品,703039.97,0.7323190447469309
V1409015,2016-11,运营电器,70478.0,0.07341315407099001
V1409015,2016-11,鞋服配饰,760.0,0.0007916512542063114
V1409015,2016-11,餐具厨具,185320.72,0.19303865844528506
V1409015,2016-12,办公,525.0,0.00020065882675686004
V1409015,2016-12,服务用品,1166721.41,0.4459294272051609
V1409015,2016-12,运营电器,241293.0,0.09222394339932005
V1409015,2016-12,鞋服配饰,3800.0,0.001452387698430606
V1409015,2016-12,餐具厨具,1204041.88,0.4601935828703315
V1409015,2017-04,服务用品,692339.61,0.45559106874385086
V1409015,2017-04,运营电器,193949.0,0.12762729578884147
V1409015,2017-04,鞋服配饰,1140.0,0.000750172041099873
V1409015,2017-04,餐具厨具,632222.8,0.4160314634262077
V1409015,2017-09,服务用品,517078.722,0.3831497067696355
V1409015,2017-09,运营电器,187026.0,0.13858423100670125
V1409015,2017-09,鞋服配饰,2470.0,0.0018302431244134616
V1409015,2017-09,餐具厨具,642972.76,0.4764358190992497
V1409020,2016-05,五金电气,1665.0,0.7509810112308872
V1409020,2016-05,服务类,552.1,0.24901898876911283
V1409042,2016-03,食品饮料,8359.2,1.0
V1409042,2016-06,食品饮料,11664.0,1.0
V1409045,2016-04,五金电气,3362.0,0.1361607685266935
V1409045,2016-04,办公,2904.0,0.11761180005993989
V1409045,2016-04,建材,1500.0,0.06074989672517556
V1409045,2016-04,服务用品,6949.0,0.28143402156216335
V1409045,2016-04,服务类,2790.88,0.11303044784823865
V1409045,2016-04,消防安防,1390.52,0.05631596426286075
V1409045,2016-04,装饰,1740.0,0.07046988020120365
V1409045,2016-04,鞋服配饰,4055.0,0.1642272208137246
V1409059,2016-11,五金电气,240.0,0.014839547393804489
V1409059,2016-11,服务类,15933.0,0.9851604526061956
V1409061,2016-11,服务用品,117627.54,1.0
V1409061,2017-07,服务用品,55231.04,1.0
V1409065,2016-02,五金电气,3590.0,0.32541696881798404
V1409065,2016-02,服务类,7442.0,0.6745830311820159
V1409071,2017-11,服务类,90613.1,1.0
V1409079,2016-03,办公,350.0,0.04287492282513891
V1409079,2016-03,服务用品,200.0,0.02449995590007938
V1409079,2016-03,服务类,675.0,0.0826873511627679
V1409079,2016-03,特色商品,4856.0,0.5948589292539272
V1409079,2016-03,食品饮料,2082.28,0.25507884085808646
V1409082,2017-06,办公,680.0,0.13473350505250645
V1409082,2017-06,服务类,170.0,0.03368337626312661
V1409082,2017-06,消防安防,4197.0,0.831583118684367
V1409088,2016-02,服务类,66688.7,1.0
V1409097,2016-04,服务类,45483.11,1.0
V1409100,2017-05,办公,675.0,0.01623259505086213
V1409100,2017-05,特色商品,37443.0,0.9004400836880456
V1409100,2017-05,运营电器,3465.0,0.08332732126109227
V1409102,2016-04,服务类,28910.0,1.0
V1409103,2016-04,VI,3292.0,0.05727956848927748
V1409103,2016-04,五金电气,4420.0,0.07690634651354995
V1409103,2016-04,办公,2165.0,0.03767019009091305
V1409103,2016-04,印刷,41760.0,0.7266083779198748
V1409103,2016-04,服务用品,600.0,0.010439775544825787
V1409103,2016-04,服务类,5235.5,0.091095741441559
V1409111,2017-06,服务类,31496.0,1.0
V1409113,2016-05,服务用品,2500.0,1.0
V1409116,2016-06,服务类,50889.0,1.0
V1409120,2016-04,VI,1940.0,0.21603563474387527
V1409120,2016-04,印刷,6590.0,0.7338530066815144
V1409120,2016-04,装饰,450.0,0.05011135857461024
V1409120,2016-12,VI,1133.0,0.19507575757575757
V1409120,2016-12,印刷,3150.0,0.5423553719008265
V1409120,2016-12,服务类,280.0,0.048209366391184574
V1409120,2016-12,消防安防,120.0,0.02066115702479339
V1409120,2016-12,装饰,1125.0,0.19369834710743802
V1409125,2016-08,服务类,50327.65,1.0
V1409125,2017-11,服务类,40213.3,1.0
V1410001,2016-03,服务用品,122960.0,1.0
V1410001,2016-04,服务用品,235480.0,1.0
V1410001,2016-12,服务用品,53940.0,1.0
V1410012,2016-03,五金电气,1067.0,0.014097447582466104
V1410012,2016-03,服务类,74620.46,0.9859025524175339
V1410013,2016-03,消防安防,113799.5,1.0
V1411004,2016-02,服务类,5885.0,1.0
V1411004,2016-03,服务类,19778.0,1.0
V1411004,2016-09,建材,3009.5,0.026082133370310828
V1411004,2016-09,服务类,112376.0,0.9739178666296892
V1411018,2016-03,服务类,23070.0,1.0
V1411025,2017-11,五金电气,1145.0,0.14417368332911515
V1411025,2017-11,办公,1129.43,0.14221317306760045
V1411025,2017-11,建材,480.0,0.060439622705655255
V1411025,2017-11,服务用品,1347.38,0.16965653925238705
V1411025,2017-11,服务类,2490.0,0.3135305427855866
V1411025,2017-11,消防安防,710.0,0.08940027525211507
V1411025,2017-11,装饰,140.0,0.01762822328914945
V1411025,2017-11,运营电器,400.0,0.05036635225471271
V1411025,2017-11,鞋服配饰,100.0,0.012591588063678178
V1411043,2016-12,运营电器,388000.0,1.0
V1411049,2016-04,装饰,8939.138,1.0
V1412004,2016-03,服务类,11420.4,1.0
V1412005,2016-09,服务类,7087.5,1.0
V1412005,2017-09,服务类,11025.0,1.0
V1412006,2017-04,建材,795240.0,1.0
V1412033,2016-02,五金电气,5687.5,0.6953784081183518
V1412033,2016-02,办公,265.0,0.0324000489057342
V1412033,2016-02,服务用品,1139.0,0.13925907812691038
V1412033,2016-02,服务类,913.0,0.11162733830541631
V1412033,2016-02,消防安防,174.5,0.021335126543587237
V1412033,2016-04,VI,3430.0,0.11987139162647655
V1412033,2016-04,五金电气,9187.0,0.32106661074998255
V1412033,2016-04,办公,130.2,0.004550220171943804
V1412033,2016-04,建材,300.0,0.010484378276368212
V1412033,2016-04,服务用品,4549.0,0.15897812259733
V1412033,2016-04,服务类,8955.8,0.3129866498916614
V1412033,2016-04,运营电器,1920.0,0.06710002096875656
V1412033,2016-04,门锁系统,142.0,0.004962605717480953
V1412036,2017-06,运营电器,53814.0,1.0
V1412038,2016-03,服务用品,17280.0,1.0
V1412040,2017-08,VI,2650.0,0.015185724273090897
V1412040,2017-08,办公,561.0,0.0032147891763033938
V1412040,2017-08,印刷,171115.0,0.9805680033924336
V1412040,2017-08,服务用品,180.0,0.0010314831581722118
V1501025,2016-05,办公,370156.0,1.0
V1501032,2017-05,建材,4400.0,1.0
V1501032,2017-06,建材,43326.63,1.0
V1501032,2017-08,建材,284093.93,1.0
V1501033,2016-09,床垫,585891.0,1.0
V1501033,2016-11,床垫,935079.0,1.0
V1501037,2016-09,VI,11812.0,0.5535923513146178
V1501037,2016-09,五金电气,9525.0,0.4464076486853822
V1501037,2016-11,VI,22724.0,0.4375132366814917
V1501037,2016-11,五金电气,29215.0,0.5624867633185082
V1501037,2017-04,VI,23826.0,0.1712148377569462
V1501037,2017-04,五金电气,115332.5,0.8287851622430538
V1501046,2017-03,运营电器,24300.0,1.0
V1501046,2017-09,运营电器,13500.0,1.0
V1502007,2016-07,棉织品,221591.5,1.0
V1502007,2016-08,棉织品,486149.8,1.0
V1502008,2016-03,五金电气,7657.2,0.3179933095573132
V1502008,2016-03,建材,126.0,0.0052326120519539075
V1502008,2016-03,服务用品,4076.25,0.16928122918077076
V1502008,2016-03,服务类,11915.3919,0.49483034333090453
V1502008,2016-03,鞋服配饰,304.91,0.012662505879057668
V1502023,2016-05,鞋服配饰,70991.0,1.0
V1502024,2016-05,五金电气,136658.45,1.0
V1502024,2016-11,五金电气,140575.07,1.0
V1502025,2017-03,服务类,4444.0,1.0
V1502028,2016-08,服务用品,875.38,0.11356639582568444
V1502028,2016-08,食品饮料,1941.5,0.2518782214530448
V1502028,2016-08,餐具厨具,4891.21,0.6345553827212708
V1503053,2018-03,鞋服配饰,22675.0,1.0
V1503058,2016-02,建材,35553.0,1.0
V1503061,2016-03,鞋服配饰,1771.2,1.0
V1504027,2016-06,VI,350.0,0.025041139014094584
V1504027,2016-06,服务类,13075.0,0.9354654074551049
V1504027,2016-06,运营电器,552.0,0.0394934535308006
V1504027,2016-07,VI,175.0,0.006751282743721307
V1504027,2016-07,服务类,23626.0,0.911461749160912
V1504027,2016-07,运营电器,2120.0,0.08178696809536669
V1504038,2016-12,服务类,18438.0,1.0
V1504044,2018-02,服务用品,12648.0,0.9302736098852604
V1504044,2018-02,特色商品,60.0,0.00441306266548985
V1504044,2018-02,运营电器,888.0,0.06531332744924978
V1504052,2016-12,服务用品,247740.0,1.0
V1504057,2017-02,工程电器,459362.0,1.0
V1504057,2017-10,工程电器,1920743.0,1.0
V1504060,2016-03,五金电气,1540.0,0.008950771916894988
V1504060,2016-03,暖通系统,1260.0,0.0073233588410959
V1504060,2016-03,服务类,116583.2,0.677603657494644
V1504060,2016-03,消防安防,52669.0,0.30612221174736504
V1504060,2016-12,VI,972.0,0.09884075655887736
V1504060,2016-12,服务用品,240.0,0.024405125076266018
V1504060,2016-12,服务类,4230.0,0.4301403294691885
V1504060,2016-12,消防安防,4392.0,0.4466137888956681
V1504061,2016-04,运营电器,305360.0,1.0
V1504061,2016-12,运营电器,594870.0,1.0
V1504061,2017-04,运营电器,505890.0,1.0
V1504066,2017-12,VI,5412.8,0.2830547827723974
V1504066,2017-12,办公,493.0,0.025780743405777396
V1504066,2017-12,印刷,13141.0,0.6871901604367562
V1504066,2017-12,鞋服配饰,76.0,0.003974313385069132
V1504069,2016-04,五金电气,80.0,0.0007504465156768277
V1504069,2016-04,办公,1692.0,0.015871943806564908
V1504069,2016-04,工程电器,390.0,0.0036584267639245354
V1504069,2016-04,服务用品,600.0,0.005628348867576208
V1504069,2016-04,服务类,103841.2,0.9740908340462575
V1504069,2016-12,五金电气,80.0,0.003751535784961969
V1504069,2016-12,办公,288.0,0.013505528825863089
V1504069,2016-12,工程电器,600.0,0.028136518387214766
V1504069,2016-12,服务类,13060.6,0.6124663534134287
V1504069,2016-12,消防安防,7296.0,0.34214006358853155
V1504069,2018-01,服务类,19744.4,1.0
V1505025,2016-03,运营电器,31190.4,1.0
V1505025,2016-09,运营电器,15048.0,1.0
V1505025,2016-11,运营电器,35157.6,1.0
V1505025,2016-12,运营电器,81396.0,1.0
V1505025,2017-04,运营电器,119149.8,1.0
V1505026,2016-12,工程电器,70.0,0.0014667408139070496
V1505026,2016-12,服务类,47654.86,0.9985332591860929
V1505033,2016-08,服务用品,45237.6,1.0
V1505041,2017-06,工程电器,34020.0,1.0
V1505042,2016-09,服务类,41162.8,1.0
V1505047,2016-04,食品饮料,127857.08,1.0
V1505047,2016-12,食品饮料,204378.1,1.0
V1505047,2017-05,食品饮料,132028.02,1.0
V1505048,2016-11,服务用品,107272.0,0.6326790601113522
V1505048,2016-11,食品饮料,62280.0,0.3673209398886477
V1505048,2016-12,服务用品,362062.0,0.9208040650861389
V1505048,2016-12,食品饮料,31140.0,0.07919593491386107
V1505048,2017-05,服务用品,81902.0,0.3966928538907886
V1505048,2017-05,食品饮料,124560.0,0.6033071461092114
V1505061,2016-12,服务类,68596.3,1.0
V1505062,2016-03,VI,3994.0,0.2976598598897004
V1505062,2016-03,印刷,9424.0,0.7023401401102995
V1505062,2017-12,VI,200.0,0.04677815460180096
V1505062,2017-12,印刷,4075.5,0.953221845398199
V1505063,2016-11,服务类,6706.0,1.0
V1505075,2016-02,特色商品,952.5,1.0
V1506001,2016-05,家具,53000.0,1.0
V1506001,2016-06,家具,119904.0,1.0
V1506001,2017-06,家具,53760.0,1.0
V1506001,2017-08,家具,61180.0,1.0
V1506001,2018-01,家具,142092.0,1.0
V1506065,2017-09,食品饮料,54351.0,1.0
V1506086,2016-07,五金电气,625.0,0.015412500154125002
V1506086,2016-07,办公,585.0,0.014426100144261001
V1506086,2016-07,服务用品,4849.0,0.11957634119576341
V1506086,2016-07,食品饮料,34492.5,0.8505850585058505
V1506086,2016-12,办公,2254.0,0.24760523771860443
V1506086,2016-12,服务用品,1729.0,0.18993321029967483
V1506086,2016-12,特色商品,148.0,0.01625801915809825
V1506086,2016-12,食品饮料,4972.2,0.5462035328236224
V1506089,2017-12,餐具厨具,32214.6,1.0
V1506090,2016-02,服务类,5379.05,1.0
V1506092,2016-02,智能系统,1085875.06,1.0
V1506094,2016-05,VI,175.0,0.048143053645116916
V1506094,2016-05,印刷,3460.0,0.951856946354883
V1506095,2016-02,VI,325.39,0.08431299895577188
V1506095,2016-02,印刷,3533.92,0.9156870010442282
V1506095,2016-03,VI,490.18,0.07291383113705295
V1506095,2016-03,印刷,6232.55,0.927086168862947
V1506096,2016-09,办公,2106.1,0.15364357259058772
V1506096,2016-09,服务用品,8781.54,0.6406282600290347
V1506096,2016-09,服务类,700.0,0.05106618907621263
V1506096,2016-09,特色商品,153.2,0.011176200237822535
V1506096,2016-09,食品饮料,1350.6,0.09852856423761824
V1506096,2016-09,餐具厨具,616.26,0.044957213828723995
V1506099,2016-02,VI,18775.0,0.8313407722281261
V1506099,2016-02,办公,490.0,0.02169677647892313
V1506099,2016-02,印刷,2515.0,0.11136202621324831
V1506099,2016-02,装饰,800.0,0.035423308537017355
V1506099,2016-02,鞋服配饰,4.0,0.00017711654268508679
V1506099,2017-11,VI,1715.0,0.35448532451426207
V1506099,2017-11,办公,348.0,0.07193054981397272
V1506099,2017-11,印刷,2663.0,0.5504340636626706
V1506099,2017-11,服务用品,90.0,0.018602728400165358
V1506099,2017-11,服务类,22.0,0.0045473336089293095
V1506102,2016-12,服务用品,91872.6,1.0
V1506102,2017-06,服务用品,6155.0,1.0
V1506102,2017-08,服务用品,10290.0,1.0
V1506102,2017-12,服务用品,3820.0,1.0
V1506105,2016-05,服务用品,7000.0,1.0
V1506106,2016-06,服务类,26463.0,1.0
V1506106,2016-12,服务类,79730.0,1.0
V1506106,2017-05,服务类,14380.0,1.0
V1506106,2017-11,服务类,61460.0,1.0
V1506107,2016-04,装饰,2752.0,0.016720538556881426
V1506107,2016-04,餐具厨具,161836.0,0.9832794614431186
V1506107,2016-09,装饰,516.0,0.02263952263952264
V1506107,2016-09,餐具厨具,22276.0,0.9773604773604774
V1506107,2016-11,餐具厨具,77788.8,1.0
V1506107,2016-12,餐具厨具,227707.4,1.0
V1506107,2017-04,餐具厨具,106862.2,1.0
V1506107,2017-09,餐具厨具,261033.6,1.0
V1506119,2016-05,VI,6438.0,0.4505563720344321
V1506119,2016-05,办公,252.0,0.017635943732941424
V1506119,2016-05,印刷,4758.0,0.3329834138148226
V1506119,2016-05,服务用品,2500.0,0.17495975925537127
V1506119,2016-05,服务类,341.0,0.02386451116243264
V1506119,2016-12,VI,6616.9,0.17293605268082377
V1506119,2016-12,办公,7894.6,0.2063293931439241
V1506119,2016-12,印刷,19622.62,0.5128471710401828
V1506119,2016-12,服务用品,1350.0,0.03528293779853286
V1506119,2016-12,服务类,2778.0,0.07260444533653651
V1506120,2017-07,建材,167783.9,1.0
V1506123,2016-04,五金电气,158851.18,0.9860448838586179
V1506123,2016-04,建材,2248.16,0.013955116141382081
V1506123,2016-12,五金电气,80066.67,0.993572471574294
V1506123,2016-12,建材,517.96,0.006427528425705994
V1506123,2017-07,五金电气,24235.33,0.9590079635949944
V1506123,2017-07,建材,1035.92,0.04099203640500569
V1506123,2017-11,五金电气,39012.0,1.0
V1506124,2016-02,五金电气,35625.0,1.0
V1506125,2016-04,五金电气,160196.38,1.0
V1506126,2016-11,食品饮料,36294.4,1.0
V1506126,2016-12,食品饮料,285678.8,1.0
V1506127,2016-03,工程电器,786250.0,1.0
V1506127,2016-08,工程电器,218300.0,1.0
V1506127,2016-09,工程电器,344100.0,1.0
V1506127,2017-03,工程电器,1942700.0,1.0
V1506128,2017-04,五金电气,324160.2,0.6723833877266047
V1506128,2017-04,建材,157946.0,0.32761661227339534
V1506128,2017-08,五金电气,301604.1,0.7524468535500364
V1506128,2017-08,建材,99227.0,0.2475531464499636
V1506129,2016-03,服务类,5160.0,1.0
V1506129,2016-09,服务类,9420.0,1.0
V1506129,2017-03,服务类,6120.0,1.0
V1506135,2017-08,建材,268705.97,1.0
V1506136,2016-12,餐具厨具,91728.2,1.0
V1507002,2016-03,家具,413515.0,1.0
V1507002,2016-04,家具,788691.49,1.0
V1507002,2016-09,家具,1028767.0,1.0
V1507006,2016-03,服务类,8000.0,1.0
V1507070,2016-05,食品饮料,113044.56999999999,1.0
V1507070,2016-12,食品饮料,151965.97,1.0
V1507075,2016-11,服务类,32399.3,1.0
V1507085,2016-10,办公,1020.0,1.0
V1507106,2017-03,办公,1140.0,0.20212765957446807
V1507106,2017-03,服务用品,2200.0,0.3900709219858156
V1507106,2017-03,服务类,2300.0,0.4078014184397163
V1507132,2016-05,服务类,17442.5,1.0
V1507150,2016-12,服务用品,11740.0,1.0
V1507166,2017-10,服务用品,236.0,0.12065439672801637
V1507166,2017-10,运营电器,1350.0,0.6901840490797546
V1507166,2017-10,餐具厨具,370.0,0.18916155419222905
V1507190,2016-04,五金电气,1611.0,0.14926341147039748
V1507190,2016-04,办公,3470.0,0.32150467895858426
V1507190,2016-04,工程电器,500.0,0.0463263226165107
V1507190,2016-04,建材,590.0,0.05466506068748263
V1507190,2016-04,服务用品,575.0,0.05327527100898731
V1507190,2016-04,服务类,3557.0,0.32956545909385715
V1507190,2016-04,运营电器,490.0,0.04539979616418049
V1507192,2016-02,特色商品,206.0,0.09904608046772828
V1507192,2016-02,食品饮料,1873.84,0.9009539195322717
V1507192,2016-03,特色商品,725.0,0.08575761231881485
V1507192,2016-03,食品饮料,7729.06,0.914242387681185
V1507263,2016-07,服务类,75073.13,1.0
V1507263,2017-06,服务类,141456.68,1.0
V1507272,2016-06,服务类,81127.29,1.0
V1507272,2016-07,服务类,119445.31,1.0
V1507276,2016-07,服务类,40595.0,1.0
V1507295,2016-02,五金电气,5820.0,0.46030683959018454
V1507295,2016-02,服务类,4883.0,0.3861990202266102
V1507295,2016-02,食品饮料,1940.74,0.15349414018320529
V1507295,2017-03,装饰,22800.0,1.0
V1507301,2016-06,服务用品,3250.0,0.5718206770356816
V1507301,2016-06,食品饮料,2433.6,0.4281793229643183
V1507301,2016-10,服务用品,11444.01,0.9776717865389987
V1507301,2016-10,食品饮料,261.36,0.022328213461001233
V1507308,2016-04,服务用品,8465.0,1.0
V1507323,2016-04,服务类,70592.05,1.0
V1507348,2016-03,门锁系统,119200.0,1.0
V1507350,2016-05,建材,66935.0,1.0
V1507350,2017-05,建材,166650.0,1.0
V1508017,2016-04,家具,18681.624,1.0
V1508017,2016-11,家具,2740.0,1.0
V1508020,2016-12,服务用品,8280.0,1.0
V1508020,2018-01,服务用品,9798.0,1.0
V1508022,2016-03,VI,1090.0,0.06602167327993856
V1508022,2016-03,印刷,15419.73,0.9339783267200614
V1508022,2016-06,VI,2077.5,0.08685236978415461
V1508022,2016-06,办公,450.0,0.018812787678878257
V1508022,2016-06,印刷,21192.4,0.8859736035685768
V1508022,2016-06,服务类,200.0,0.008361238968390335
V1508036,2016-03,服务类,25242.7434,1.0
V1508044,2016-08,服务类,20301.2,1.0
V1508047,2016-04,服务类,22771.2,1.0
V1509003,2016-03,床垫,433818.0,1.0
V1509008,2016-10,食品饮料,10818.93,0.8907944333838881
V1509008,2016-10,餐具厨具,1326.33,0.10920556661611196
V1509008,2017-06,食品饮料,3857.0,0.9492985478710313
V1509008,2017-06,餐具厨具,206.0,0.05070145212896874
V1509013,2016-07,五金电气,18020.0,1.0
V1509018,2016-11,VI,345041.6,0.9910016411306282
V1509018,2016-11,装饰,3133.0,0.008998358869371862
V1509018,2016-12,VI,512061.84,0.9789456514482707
V1509018,2016-12,装饰,11013.0,0.021054348551729232
V1509018,2017-05,VI,312663.0,0.9796772040645592
V1509018,2017-05,装饰,6486.0,0.020322795935440813
V1509040,2016-04,棉织品,163339.6,1.0
V1509041,2016-05,运营电器,527226.0,1.0
V1509043,2016-11,棉织品,44270.8,0.39532514417078707
V1509043,2016-11,装饰,67714.9936,0.604674855829213
V1509043,2017-03,棉织品,2998.72,0.04140957604731544
V1509043,2017-03,装饰,69417.38,0.9585904239526846
V1509043,2017-06,棉织品,11354.86,0.07925828961713027
V1509043,2017-06,装饰,131909.145,0.9207417103828697
V1509043,2017-11,棉织品,14096.0,0.045015785543980134
V1509043,2017-11,装饰,299038.6,0.9549842144560199
V1509052,2016-03,VI,4620.0,0.13107498510511534
V1509052,2016-03,装饰,30627.0,0.8689250148948847
V1509055,2016-12,服务用品,39003.0,1.0
V1509061,2017-04,服务类,193130.95,1.0
V1509065,2016-04,门锁系统,36152.0,1.0
V1509065,2016-08,门锁系统,29954.0,1.0
V1510002,2016-02,食品饮料,6306.1,1.0
V1510007,2016-03,五金电气,1050.0,0.11310998599590649
V1510007,2016-03,办公,300.0,0.03231713885597329
V1510007,2016-03,印刷,2340.0,0.2520736830765916
V1510007,2016-03,服务用品,1523.0,0.1640633415921577
V1510007,2016-03,服务类,4070.0,0.4384358504793709
V1511008,2016-03,服务类,93678.0,1.0
V1511009,2017-04,服务用品,10088.8,1.0
V1511014,2016-04,服务类,88335.4,1.0
V1511015,2016-02,服务类,52706.6768,1.0
V1511015,2016-09,服务类,38605.2,1.0
V1511015,2016-11,服务类,150687.61,1.0
V1511015,2017-04,服务类,26727.5,1.0
V1511015,2017-06,服务类,108703.2,1.0
V1511015,2017-08,服务类,324952.9,1.0
V1511029,2017-05,服务类,8000.889999999999,1.0
V1512002,2016-07,食品饮料,75059.5,1.0
V1512005,2016-12,服务类,2272.23,1.0
V1512005,2017-10,服务类,1150.0,1.0
V1512008,2016-02,建材,2808.0,0.0924109787402093
V1512008,2016-02,服务类,27578.0,0.9075890212597907
V1512008,2016-05,服务类,102468.0,1.0
V1512008,2017-12,建材,650.0,0.1625
V1512008,2017-12,服务类,3350.0,0.8375
V1512008,2018-01,建材,1755.0,0.17788364078653962
V1512008,2018-01,服务类,8111.0,0.8221163592134604
V1512012,2016-11,工程电器,1948454.0,1.0
V1512019,2017-12,办公,2305.8,0.0016959701695190516
V1512019,2017-12,服务用品,1357270.0,0.9983040298304809
V1512020,2016-02,服务类,56490.0,1.0
V1512020,2016-08,服务类,42455.0,1.0
V1512023,2016-03,运营电器,4968.0,1.0
V1512035,2016-02,特色商品,478.0,0.018266305926231637
V1512035,2016-02,食品饮料,25690.4,0.9817336940737683
V1512035,2016-03,特色商品,463.0,0.007991632088042586
V1512035,2016-03,食品饮料,57472.6,0.9920083679119575
V1512036,2016-11,食品饮料,37290.0,1.0
V1512036,2016-12,食品饮料,50850.0,1.0
V1601002,2016-11,五金电气,113769.36,0.7494605790213361
V1601002,2016-11,服务用品,4675.0,0.030796764673060886
V1601002,2016-11,服务类,31686.3,0.20873487154224796
V1601002,2016-11,消防安防,1671.0,0.011007784763355025
V1601002,2018-03,五金电气,2613.0,0.27150872817955113
V1601002,2018-03,服务用品,4511.0,0.46872402327514545
V1601002,2018-03,服务类,2240.0,0.23275145469659186
V1601002,2018-03,运营电器,260.0,0.027015793848711556
V1601003,2017-02,服务类,16082.9,1.0
V1601005,2017-09,建材,13901.015,1.0
V1601005,2017-10,建材,296668.5,1.0
V1601012,2016-05,服务用品,168168.0,1.0
V1601013,2016-09,服务类,18787.2,1.0
V1601013,2017-07,服务类,1678.9,1.0
V1601013,2017-12,服务类,2245.4,1.0
V1601031,2016-09,建材,88900.0,1.0
V1601031,2016-10,建材,278293.6,1.0
V1601031,2016-11,建材,432260.75,1.0
V1601031,2017-05,建材,147500.0,1.0
V1601031,2017-10,建材,444998.0,1.0
V1601034,2016-06,办公,1929.0,0.9052088221492257
V1601034,2016-06,服务类,202.0,0.09479117785077429
V1601034,2016-08,办公,120.0,0.007155635062611807
V1601034,2016-08,服务类,16650.0,0.9928443649373881
V1601034,2016-12,办公,584.0,0.027620128641695045
V1601034,2016-12,服务类,20560.0,0.972379871358305
V1602003,2016-03,服务用品,3864.0,0.09100651224136509
V1602003,2016-03,特色商品,21354.5,0.5029499393525443
V1602003,2016-03,食品饮料,17240.0,0.40604354840609064
V1602008,2016-03,食品饮料,1113.4,1.0
V1602008,2016-04,食品饮料,2606.8,1.0
V1602010,2016-12,服务类,16020.0,0.6929665195951207
V1602010,2016-12,消防安防,7098.0,0.3070334804048793
V1602010,2017-05,消防安防,3168.0,1.0
V1602012,2016-10,服务类,69780.0,1.0
V1602012,2017-08,服务类,112669.2,1.0
V1602012,2017-09,服务类,133433.8,1.0
V1603002,2016-08,建材,550.0,0.01747852286778705
V1603002,2016-08,服务类,30917.19,0.9825214771322129
V1603002,2016-09,服务类,63862.5,1.0
V1603005,2016-11,工程电器,253000.0,1.0
V1603008,2016-12,VI,16855.5,1.0
V1603019,2017-07,服务类,44643.85,1.0
V1603023,2017-01,服务类,70660.0,1.0
V1603036,2016-07,服务类,33401.4,1.0
V1603036,2016-08,服务类,598996.0,1.0
V1604005,2016-08,装饰,69017.29,1.0
V1604005,2016-09,装饰,146563.352,1.0
V1604005,2016-10,装饰,254321.2164,1.0
V1604005,2017-04,装饰,580568.0666,1.0
V1604007,2016-12,服务类,9530.0,1.0
V1604016,2016-08,服务类,12696.2,1.0
V1604016,2016-09,服务类,159565.47,1.0
V1604032,2016-11,服务类,94558.8,1.0
V1604033,2016-08,建材,73044.9,1.0
V1604033,2016-11,建材,203768.51,1.0
V1604042,2017-07,工程电器,1629874.0,1.0
V1605007,2016-09,IT产品,14336.6,1.0
V1605008,2016-06,VI,145.2,0.09697066837634234
V1605008,2016-06,印刷,1352.16,0.9030293316236576
V1605010,2016-11,运营电器,240070.0,1.0
V1605010,2017-04,运营电器,412615.0,1.0
V1605011,2017-12,床垫,10996.0,0.02055727489354001
V1605011,2017-12,棉织品,523899.8,0.9794427251064599
V1605012,2016-08,门锁系统,69630.0,1.0
V1605012,2016-09,门锁系统,187045.0,1.0
V1605012,2017-08,门锁系统,491445.0,1.0
V1605028,2017-03,服务用品,15381.0,1.0
V1605037,2017-04,VI,6434.36,0.464697865788263
V1605037,2017-04,印刷,7411.97,0.535302134211737
V1605041,2016-12,特色商品,490.0,0.05133900507103642
V1605041,2016-12,食品饮料,9054.4,0.9486609949289636
V1605044,2016-06,服务类,6120.0,1.0
V1605046,2017-11,服务类,8250.0,1.0
V1606002,2016-10,服务类,46804.2,1.0
V1606008,2016-12,VI,982.4,0.07378942972428111
V1606008,2016-12,办公,55.0,0.004131126460540983
V1606008,2016-12,印刷,12276.16,0.9220794438151779
V1606008,2017-04,VI,1047.78,0.3843498611574735
V1606008,2017-04,印刷,1678.33,0.6156501388425266
V1606008,2017-05,VI,4002.16,0.7295835961455025
V1606008,2017-05,印刷,1483.38,0.2704164038544975
V1606008,2017-11,VI,2146.6,0.2487683844193531
V1606008,2017-11,办公,165.0,0.01912176624857601
V1606008,2017-11,印刷,6077.3099999999995,0.7042963711523239
V1606008,2017-11,服务类,240.0,0.02781347817974692
V1606016,2016-08,服务类,118599.45,1.0
V1606017,2017-05,建材,236896.2,1.0
V1606017,2017-11,建材,722163.0,1.0
V1606021,2017-12,工程电器,1677098.0,1.0
V1607003,2016-12,办公,22932.0,0.5328438320514906
V1607003,2016-12,服务用品,20105.0,0.46715616794850945
V1607006,2016-09,工程电器,186680.0,1.0
V1607007,2016-08,消防安防,99428.0,1.0
V1607018,2018-03,印刷,9700.17,1.0
V1607021,2016-08,服务类,43235.01,1.0
V1607021,2016-09,服务类,116224.9,1.0
V1607021,2017-06,服务类,78258.45,1.0
V1607022,2016-11,床垫,504597.65,1.0
V1607023,2017-10,服务用品,25937.0,1.0
V1608008,2016-11,餐具厨具,23690.94,1.0
V1608008,2017-04,服务用品,511.2,0.029905054960483436
V1608008,2017-04,餐具厨具,16582.9,0.9700949450395165
V1608017,2017-12,餐具厨具,27355.5,1.0
V1608018,2016-09,服务类,86537.64,1.0
V1608023,2016-09,服务类,7108.05,1.0
V1608025,2016-09,服务类,16620.0,1.0
V1608025,2016-10,服务类,38270.0,1.0
V1608025,2016-11,服务类,111260.0,1.0
V1608026,2017-12,服务类,34490.0,1.0
V1608031,2016-11,VI,68229.2,1.0
V1609001,2016-10,五金电气,160.0,0.039830719442369926
V1609001,2016-10,服务类,3857.0,0.9601692805576301
V1609001,2016-11,五金电气,1226.0,0.053940375206786094
V1609001,2016-11,服务类,16796.4,0.7389919397416493
V1609001,2016-11,特色商品,3562.2,0.15672626799479072
V1609001,2016-11,食品饮料,1144.2,0.05034141705677378
V1609004,2016-11,五金电气,1190.0,0.08057417563816101
V1609004,2016-11,办公,1880.0,0.1272936556300359
V1609004,2016-11,服务类,10963.0,0.7422980567404699
V1609004,2016-11,消防安防,500.0,0.03385469564628614
V1609004,2016-11,门锁系统,236.0,0.015979416345047057
V1609006,2017-06,建材,43575.0028,1.0
V1609006,2017-08,建材,486047.51,1.0
V1609010,2017-10,VI,5872.0,0.039096336649286814
V1609010,2017-10,特色商品,144321.1,0.9609036633507132
V1609012,2017-03,办公,10510.5,0.9375585388698096
V1609012,2017-03,印刷,700.0,0.062441461130190445
V1609018,2016-12,服务类,3338.68,0.5098248807393245
V1609018,2016-12,消防安防,3210.0,0.4901751192606754
V1609022,2017-09,五金电气,2705.0,0.09566416749186589
V1609022,2017-09,服务用品,1064.0,0.03762908473617202
V1609022,2017-09,服务类,21697.0,0.7673291837600792
V1609022,2017-09,消防安防,2810.0,0.09937756401188287
V1610001,2017-05,服务类,2386.8,1.0
V1610001,2017-11,服务类,22717.97,0.9761211357703024
V1610001,2017-11,门锁系统,555.75,0.0238788642296977
V1610006,2016-12,办公,93.28,0.001024284862932062
V1610006,2016-12,服务用品,3180.0,0.0349188021454112
V1610006,2016-12,服务类,82276.776,0.9034611516686532
V1610006,2016-12,消防安防,5518.360000000001,0.06059576132300359
V1610007,2018-01,服务类,13500.0,1.0
V1610009,2017-03,五金电气,32535.0,1.0
V1610009,2017-08,五金电气,87663.83,1.0
V1610009,2017-09,五金电气,127780.8,1.0
V1610014,2016-12,VI,4517.5,0.37142857142857144
V1610014,2016-12,印刷,5955.0,0.48961973278520043
V1610014,2016-12,服务类,1690.0,0.13895169578622815
V1611007,2017-01,鞋服配饰,73100.0,1.0
V1611007,2017-11,鞋服配饰,6840.0,1.0
V1612005,2017-01,五金电气,1200.0,0.3656307129798903
V1612005,2017-01,服务类,2082.0,0.6343692870201096
V1612005,2017-08,服务类,3653.8,1.0
V1612011,2017-01,特色商品,10316.0,1.0
V1612011,2017-02,特色商品,45992.4,1.0
V1612023,2017-06,服务用品,3120.52,1.0
V1612023,2017-08,服务用品,7897.61,1.0
V1612024,2017-03,工程电器,446150.0,1.0
V1612026,2017-12,服务用品,614250.0,1.0
V1612029,2017-06,服务类,30918.7,1.0
V1701003,2017-04,建材,765658.14,1.0
V1701010,2017-08,服务用品,45156.0,1.0
V1701010,2017-09,服务用品,109169.0,1.0
V1701010,2017-10,服务用品,181209.74,1.0
V1701010,2017-12,服务用品,742009.78,1.0
V1701012,2017-04,建材,847703.0,1.0
V1702003,2017-05,VI,27717.300000000003,1.0
V1702003,2017-07,VI,149874.3,1.0
V1702005,2017-03,服务类,21126.3,1.0
V1703010,2017-07,家具,40944.0,1.0
V1703010,2017-08,家具,118992.0,1.0
V1703025,2017-05,服务类,51845.85,1.0
V1703028,2017-06,VI,1148.0,0.008697893518690396
V1703028,2017-06,印刷,130837.98,0.9913021064813097
V1703028,2017-12,VI,44.0,0.0006237242004989794
V1703028,2017-12,印刷,70500.0,0.9993762757995011
V1703028,2018-04,印刷,82420.0,1.0
V1704011,2017-07,服务类,94086.15,1.0
V1705007,2017-06,服务类,81443.0,1.0
V1705011,2017-08,服务类,28845.0,1.0
V1705014,2017-08,服务用品,30069.0,0.875970460140125
V1705014,2017-08,餐具厨具,4257.5,0.12402953985987503
V1705014,2017-09,服务用品,100873.5,0.9359334190028623
V1705014,2017-09,餐具厨具,6905.0,0.06406658099713765
V1705014,2017-11,服务用品,667129.94,0.9973568463972247
V1705014,2017-11,餐具厨具,1768.0,0.0026431536027753354
V1705014,2017-12,服务用品,868292.12,0.9917873822483091
V1705014,2017-12,餐具厨具,7190.0,0.00821261775169092
V1706029,2018-01,办公,2246.5,0.10151836956030548
V1706029,2018-01,建材,720.0,0.03253649057797461
V1706029,2018-01,服务用品,19162.5,0.86594513986172
V1707004,2017-08,服务类,91831.6,1.0
V1707009,2017-08,餐具厨具,53302.2,1.0
V1707009,2017-09,餐具厨具,138260.6,1.0
V1707009,2018-01,餐具厨具,142641.5,1.0
V1708015,2018-01,服务类,15091.8,1.0
V1708026,2017-10,办公,4500.0,0.0793888820281213
V1708026,2017-10,服务类,40600.0,0.7162641356314945
V1708026,2017-10,消防安防,11583.0,0.20434698234038423
V1708032,2017-11,五金电气,6544.0,0.06817447832564148
V1708032,2017-11,办公,8770.0,0.0913646355311546
V1708032,2017-11,印刷,1350.0,0.014064111512777505
V1708032,2017-11,服务用品,28384.0,0.29570054902124204
V1708032,2017-11,服务类,21866.0,0.22779693506547624
V1708032,2017-11,消防安防,2380.0,0.024794507704007752
V1708032,2017-11,特色商品,25648.0,0.26719728302201295
V1708032,2017-11,电梯,220.0,0.0022919292835637418
V1708032,2017-11,运营电器,538.0,0.005604808884351332
V1708032,2017-11,餐具厨具,289.0,0.00301076164977237
V1709012,2017-10,服务类,74946.0,1.0
V1709018,2017-11,五金电气,820.0,0.08081723969703392
V1709018,2017-11,服务用品,3376.95,0.3328241190181691
V1709018,2017-11,特色商品,3636.6,0.3584146022954068
V1709018,2017-11,运营电器,180.0,0.017740369689592812
V1709018,2017-11,鞋服配饰,392.0,0.03863458287955768
V1709018,2017-11,食品饮料,1740.8,0.1715690864202398
V1709023,2017-10,服务类,23962.7,1.0
V1709026,2017-10,五金电气,197575.3,0.6846671862378553
V1709026,2017-10,暖通系统,5130.0,0.01777723564332281
V1709026,2017-10,服务类,74414.0,0.25787041192246074
V1709026,2017-10,消防安防,11452.0,0.03968516619636118
V1709027,2018-01,五金电气,52767.0,1.0
V1709029,2017-12,餐具厨具,7809.0,1.0
V1709029,2018-01,餐具厨具,17194.0,1.0
V1709029,2018-03,餐具厨具,49624.5,1.0
V1711008,2017-12,服务类,72633.65,1.0
V1803003,2017-01,服务用品,1599.0,1.0
V1803003,2017-09,服务用品,2236.0,1.0
