Transaction_ID,Trans_Date,Trans_Start_Time,SUM_TRANS,Discount_applied,Discount_Rate,Member_Ref,Vol_of_prod,Vol_of_distinct_prod,ORIG_Transaction_ID,Cash_related,Non_Cash_related,Gift_Certificate_related,Operator,Staff_Login,TRANSACTION_TYPE_KNOWN,in training,selling,IGNORE selling,Transaction suspended,Transaction obsolete,reprint the receipt,goods returned,Gift_Welcome,Gift_VIP,Gift_Member,Gift_General,Gift_Valentine,Gift_Autumn,Gift_Summer,Gift_Christmas,Gift_Chocolate_ornament,Gift_NewYear,Gift_Spring,Gift_FLAG,Open_cashbox_withkey,cash / bills into till,Bulk Adjustments,Order,transfer confirm,inter-store transfer,Z report,goods scrapped,GOODS SCRAPPED_REASON,electricity loss,none business,Clock in,Clock out,Register start up,Register shut down,Turn on training mode,Turn off training mode,Store reshipment,Read Cash Register Accounts,Transaction recovered,any_gift
195,2014-04-07,17:31:25.0000000,,0,,,1.0,1.0,195,0,0,0,操作员编号          701 W Operator 2   收银机编号    1,701,1,0,1,0,0,0,0,0,0,1,0,0,0,0,0,0,0,0,0,1,0,0,0,0,0,0,0,0,0,0,0,0,0,0,0,0,0,0,0,0,True
346,2014-04-10,19:49:11.0000000,,0,,19010000046487.0,1.0,1.0,346,0,0,0,操作员编号          701 W Operator 2   收银机编号    1,701,1,0,1,0,0,0,0,0,1,0,0,0,0,0,0,0,0,0,0,1,0,0,0,0,0,0,0,0,0,0,0,0,0,0,0,0,0,0,0,0,True
475,2014-04-12,22:10:52.0000000,-1000.0,0,,19010000050880.0,4.0,4.0,475,0,1,0,操作员编号          701 W Operator 2   收银机编号    1,701,1,0,1,0,0,0,0,0,0,0,0,0,0,0,0,0,1,0,0,1,1,0,0,0,0,0,0,0,0,0,0,0,0,0,0,0,0,0,0,0,True
476,2014-04-12,22:27:30.0000000,-1000.0,0,,19010000050873.0,2.0,2.0,476,0,1,0,操作员编号          701 W Operator 2   收银机编号    1,701,1,0,1,0,0,0,0,0,0,0,0,0,0,0,0,0,1,0,0,1,0,0,0,0,0,0,0,0,0,0,0,0,0,0,0,0,0,0,0,0,True
479,2014-04-12,22:47:05.0000000,,0,,19010000050880.0,3.0,1.0,479,0,0,0,操作员编号          701 W Operator 2   收银机编号    1,701,1,0,1,0,0,0,0,0,0,1,0,0,0,0,0,0,0,0,0,1,0,0,0,0,0,0,0,0,0,0,0,0,0,0,0,0,0,0,0,0,True
480,2014-04-12,22:47:56.0000000,,0,,19010000050873.0,1.0,1.0,480,0,0,0,操作员编号          701 W Operator 2   收银机编号    1,701,1,0,1,0,0,0,0,0,0,1,0,0,0,0,0,0,0,0,0,1,0,0,0,0,0,0,0,0,0,0,0,0,0,0,0,0,0,0,0,0,True
481,2014-04-12,22:48:11.0000000,,0,,19010000050897.0,1.0,1.0,481,0,0,0,操作员编号          701 W Operator 2   收银机编号    1,701,1,0,1,0,0,0,0,0,0,1,0,0,0,0,0,0,0,0,0,1,0,0,0,0,0,0,0,0,0,0,0,0,0,0,0,0,0,0,0,0,True
636,2014-04-14,17:20:25.0000000,-513.76,1,20%,19020000008996.0,6.0,6.0,636,0,1,0,操作员编号          701 W Operator 2   收银机编号    1,701,1,0,1,0,0,0,0,0,1,1,0,0,0,0,0,0,0,0,0,1,0,0,0,0,0,0,0,0,0,0,0,0,0,0,0,0,0,0,0,0,True
647,2014-04-14,19:48:17.0000000,,0,,19010000040621.0,2.0,2.0,647,0,0,0,操作员编号          701 W Operator 2   收银机编号    1,701,1,0,1,0,0,0,0,0,1,1,0,0,0,0,0,0,0,0,0,1,1,0,0,0,0,0,0,0,0,0,0,0,0,0,0,0,0,0,0,0,True
737,2014-04-16,19:09:21.0000000,,0,,19020000043959.0,2.0,2.0,737,0,0,0,操作员编号          701 W Operator 2   收银机编号    1,701,1,0,1,0,0,0,0,0,1,1,0,0,0,0,0,0,0,0,0,1,0,0,0,0,0,0,0,0,0,0,0,0,0,0,0,0,0,0,0,0,True
930,2014-04-19,13:15:25.0000000,,0,,,1.0,1.0,930,0,0,0,操作员编号          701 W Operator 2   收银机编号    1,701,1,0,1,0,0,0,0,0,0,0,0,0,0,0,0,0,0,0,1,1,0,0,0,0,0,0,0,0,0,0,0,0,0,0,0,0,0,0,0,0,True
954,2014-04-19,16:46:23.0000000,,0,,19010000043233.0,1.0,1.0,954,0,0,0,操作员编号          701 W Operator 2   收银机编号    1,701,1,0,1,0,0,0,0,0,0,1,0,0,0,0,0,0,0,0,0,1,1,0,0,0,0,0,0,0,0,0,0,0,0,0,0,0,0,0,0,0,True
957,2014-04-19,17:34:54.0000000,,0,,19020000032892.0,1.0,1.0,957,0,0,0,操作员编号          701 W Operator 2   收银机编号    1,701,1,0,1,0,0,0,1,0,0,1,0,0,0,0,0,0,0,0,0,1,0,0,0,0,0,0,0,0,0,0,0,0,0,0,0,0,0,0,0,0,True
1077,2014-04-20,22:39:53.0000000,,0,,,4.0,4.0,1077,0,0,0,操作员编号          701 W Operator 2   收银机编号    1,701,1,1,1,1,0,1,0,0,0,0,0,0,0,1,0,0,0,0,0,1,0,0,0,0,0,0,0,0,0,0,0,0,0,0,0,0,0,0,0,0,True
1079,2014-04-20,22:52:56.0000000,,0,,,1.0,1.0,1079,0,0,0,操作员编号          701 W Operator 2   收银机编号    1,701,1,0,1,0,0,0,0,0,0,0,0,0,0,1,0,0,0,0,0,1,0,0,0,0,0,0,0,0,0,0,0,0,0,0,0,0,0,1,1,0,True
1095,2014-04-21,13:03:40.0000000,-1070.0,0,,19010000051481.0,12.0,9.0,1095,0,1,1,操作员编号          701 W Operator 2   收银机编号    1,701,1,0,1,0,0,0,0,0,0,0,0,0,0,0,0,0,0,0,0,0,0,0,0,0,0,0,0,0,0,0,0,0,0,0,0,0,0,0,0,0,True
1137,2014-04-22,11:48:21.0000000,,0,,19010000047125.0,1.0,1.0,1137,0,0,0,操作员编号          701 W Operator 2   收银机编号    1,701,1,0,1,0,0,0,0,0,1,0,0,0,0,0,0,0,0,0,0,1,0,0,0,0,0,0,0,0,0,0,0,0,0,0,0,0,0,1,0,0,True
1205,2014-04-23,18:27:52.0000000,-81.0,1,10%,19010000042618.0,3.0,3.0,1205,1,0,0,操作员编号          701 W Operator 2   收银机编号    1,701,1,0,1,0,0,0,0,0,1,0,0,1,0,0,0,0,0,0,0,1,0,0,0,0,0,0,0,0,0,0,0,0,0,0,0,0,0,0,1,0,True
1257,2014-04-24,15:50:00.0000000,,0,,,2.0,2.0,1257,0,0,0,操作员编号          701 W Operator 2   收银机编号    1,701,1,0,1,1,1,0,0,0,0,0,0,0,0,0,0,0,1,0,0,1,0,0,0,0,0,0,0,0,0,0,0,0,0,0,0,0,0,0,0,0,True
1259,2014-04-24,15:51:20.0000000,-500.0,0,,19010000052136.0,2.0,2.0,1259,1,0,0,操作员编号          701 W Operator 2   收银机编号    1,701,1,0,1,0,0,0,0,0,0,0,0,0,0,0,0,0,1,0,0,1,0,0,0,0,0,0,0,0,0,0,0,0,0,0,0,0,0,0,0,1,True
1473,2014-04-26,18:09:43.0000000,-760.5,1,10%,19010000047781.0,6.0,6.0,1473,0,1,0,操作员编号          701 W Operator 2   收银机编号    1,701,1,0,1,0,0,0,0,0,1,0,0,0,0,0,0,0,0,0,0,1,0,0,0,0,0,0,0,0,0,0,0,0,0,0,0,0,0,0,0,0,True
1640,2014-04-27,18:45:43.0000000,-285.0,0,,,4.0,4.0,1640,0,1,0,操作员编号          701 W Operator 2   收银机编号    1,701,1,0,1,0,0,0,0,0,0,0,0,0,0,0,0,0,1,0,0,1,0,0,0,0,0,0,0,0,0,0,0,0,0,0,0,0,0,0,0,0,True
4159,2014-01-31,10:38:54.0000000,,0,,19010000034064.0,2.0,2.0,4159,0,0,0,操作员编号          701 W Operator 1   收银机编号    1,701,1,0,1,0,0,0,0,0,1,1,0,0,0,0,0,0,0,0,0,1,0,0,0,0,0,0,0,0,0,0,0,0,0,0,0,0,0,1,0,0,True
4203,2014-01-31,16:09:34.0000000,,0,,19010000038871.0,1.0,1.0,4203,0,0,0,操作员编号          701 W Operator 1   收银机编号    1,701,1,0,1,0,0,0,0,0,1,0,0,0,0,0,0,0,0,0,0,1,0,0,0,0,0,0,0,0,0,0,0,0,0,0,0,0,0,0,0,0,True
4210,2014-01-31,16:35:40.0000000,-356.22,1,10%,31030000070192.0,4.0,4.0,4210,0,1,0,操作员编号          701 W Operator 1   收银机编号    1,701,1,0,1,0,0,0,0,0,1,0,0,0,0,0,0,0,0,0,0,1,0,0,0,0,0,0,0,0,0,0,0,0,0,0,0,0,0,0,0,0,True
4368,2014-02-01,22:19:21.0000000,,0,,19010000020128.0,1.0,1.0,4368,0,0,0,操作员编号          701 W Operator 1   收银机编号    1,701,1,0,1,0,0,0,0,0,1,0,0,0,0,0,0,0,0,0,0,1,0,0,0,0,0,0,0,0,0,0,0,0,0,0,0,0,0,0,0,0,True
4629,2014-02-04,16:31:09.0000000,-218.8,0,,,3.0,3.0,4629,0,1,0,操作员编号          701 W Operator 1   收银机编号    1,701,1,0,1,0,0,0,0,0,0,0,0,0,0,0,0,0,1,0,0,1,0,0,0,0,0,0,0,0,0,0,0,0,0,0,0,0,0,0,0,0,True
4638,2014-02-04,17:50:44.0000000,-450.0,1,10%,19010000040119.0,2.0,2.0,4638,0,1,0,操作员编号          701 W Operator 1   收银机编号    1,701,1,0,1,0,0,0,0,0,0,0,0,0,0,0,0,0,1,0,0,1,0,0,0,0,0,0,0,0,0,0,0,0,0,0,0,0,0,0,0,0,True
4695,2014-02-05,16:33:26.0000000,-391.5,1,10%,19010000010693.0,2.0,2.0,4695,0,1,0,操作员编号          701 W Operator 1   收银机编号    1,701,1,0,1,0,0,0,0,0,0,0,0,0,0,0,0,0,1,0,0,1,0,0,0,0,0,0,0,0,0,0,0,0,0,0,0,0,0,0,0,0,True
4730,2014-02-06,13:04:49.0000000,-435.0,0,,,2.0,2.0,4730,1,0,0,操作员编号          701 W Operator 1   收银机编号    1,701,1,0,1,0,0,0,0,0,0,0,0,0,0,0,0,0,1,0,0,1,0,0,0,0,0,0,0,0,0,0,0,0,0,0,0,0,0,0,0,0,True
4753,2014-02-06,15:46:38.0000000,-315.0,1,10%,19010000041208.0,2.0,2.0,4753,1,0,0,操作员编号          701 W Operator 1   收银机编号    1,701,1,0,1,0,0,0,0,0,0,1,0,0,0,0,0,0,0,0,0,1,0,0,0,0,0,0,0,0,0,0,0,0,0,0,0,0,0,0,0,0,True
4755,2014-02-06,15:48:39.0000000,-167.4,1,10%,19010000041208.0,3.0,3.0,4755,0,1,0,操作员编号          701 W Operator 1   收银机编号    1,701,1,0,1,0,0,0,0,0,1,0,0,0,0,0,0,0,0,0,0,1,0,0,0,0,0,0,0,0,0,0,0,0,0,0,0,0,0,0,0,0,True
4779,2014-02-06,19:00:57.0000000,,0,,,1.0,1.0,4779,0,0,0,操作员编号          701 W Operator 1   收银机编号    1,701,1,0,1,0,0,0,0,0,1,0,0,0,0,0,0,0,0,0,0,1,0,0,0,0,0,0,0,0,0,0,0,0,0,0,0,0,0,0,0,0,True
4841,2014-02-07,14:59:25.0000000,-630.0,0,,,2.0,2.0,4841,1,0,0,操作员编号          701 W Operator 1   收银机编号    1,701,1,0,1,0,0,0,0,0,0,0,0,0,0,0,0,0,0,1,0,1,0,0,0,0,0,0,0,0,0,0,0,0,0,0,0,0,0,0,0,0,True
4868,2014-02-07,18:45:41.0000000,-390.0,0,,,3.0,3.0,4868,0,1,0,操作员编号          701 W Operator 1   收银机编号    1,701,1,0,1,0,0,0,0,0,0,0,0,0,0,0,0,0,1,0,0,1,0,0,0,0,0,0,0,0,0,0,0,0,0,0,0,0,0,0,0,0,True
4940,2014-02-08,14:37:26.0000000,,0,,19010000017814.0,1.0,1.0,4940,0,0,0,操作员编号          701 W Operator 1   收银机编号    1,701,1,0,1,0,0,0,0,0,0,1,0,0,0,0,0,0,0,0,0,1,0,0,0,0,0,0,0,0,0,0,0,0,0,0,0,0,0,0,0,0,True
4980,2014-02-08,21:12:55.0000000,-1080.0,0,,19010000045633.0,3.0,3.0,4980,0,1,0,操作员编号          701 W Operator 1   收银机编号    1,701,1,0,1,0,0,0,0,0,0,0,0,0,1,0,0,0,0,0,0,1,0,0,0,0,0,0,0,0,0,0,0,0,0,0,0,0,0,0,0,0,True
5039,2014-02-09,16:05:26.0000000,-195.0,0,,19010000045794.0,2.0,2.0,5039,1,0,0,操作员编号          701 W Operator 1   收银机编号    1,701,1,0,1,0,0,0,0,0,0,0,0,0,0,0,0,0,1,0,0,1,0,0,0,0,0,0,0,0,0,0,0,0,0,0,0,0,0,0,0,0,True
5058,2014-02-09,18:18:23.0000000,-340.0,0,,19010000043790.0,2.0,2.0,5058,1,0,0,操作员编号          701 W Operator 1   收银机编号    1,701,1,0,1,0,0,0,0,0,0,0,0,0,1,0,0,0,0,0,0,1,0,0,0,0,0,0,0,0,0,0,0,0,0,0,0,0,0,0,0,0,True
5059,2014-02-09,18:22:17.0000000,-435.0,0,,19010000045732.0,2.0,2.0,5059,0,1,0,操作员编号          701 W Operator 1   收银机编号    1,701,1,0,1,0,0,0,0,0,0,0,0,0,1,0,0,0,0,0,0,1,0,0,0,0,0,0,0,0,0,0,0,0,0,0,0,0,0,0,0,0,True
5099,2014-02-10,13:56:51.0000000,,0,,19020000001157.0,1.0,1.0,5099,0,0,0,操作员编号          701 W Operator 1   收银机编号    1,701,1,0,1,0,0,0,0,0,0,1,0,0,0,0,0,0,0,0,0,1,0,0,0,0,0,0,0,0,0,0,0,0,0,0,0,0,0,0,0,0,True
5110,2014-02-10,14:36:50.0000000,-725.0,0,,,3.0,3.0,5110,1,0,0,操作员编号          701 W Operator 1   收银机编号    1,701,1,0,1,0,0,0,0,0,0,0,0,0,1,0,0,0,0,0,0,1,1,0,0,0,0,0,0,0,0,0,0,0,0,0,0,0,0,0,0,0,True
5125,2014-02-10,16:22:07.0000000,-1123.0,0,,,5.0,5.0,5125,1,0,0,操作员编号          701 W Operator 1   收银机编号    1,701,1,1,1,0,0,0,0,0,0,0,0,0,1,0,0,0,0,0,0,1,0,0,0,0,0,0,0,0,0,0,0,0,0,0,0,0,0,0,0,0,True
5168,2014-02-10,19:43:46.0000000,,0,,19010000017135.0,1.0,1.0,5168,0,0,0,操作员编号          701 W Operator 1   收银机编号    1,701,1,0,1,0,0,0,0,0,0,1,0,0,0,0,0,0,0,0,0,1,1,0,0,0,0,0,0,0,0,0,0,0,0,0,0,0,0,0,1,0,True
5169,2014-02-10,19:55:47.0000000,-195.0,0,,,2.0,2.0,5169,0,1,0,操作员编号          701 W Operator 1   收银机编号    1,701,1,0,1,0,0,0,0,0,0,0,0,0,1,0,0,0,0,0,0,1,0,0,0,0,0,0,0,0,0,0,0,0,0,0,0,0,0,0,0,0,True
5256,2014-02-11,16:05:19.0000000,-340.0,0,,,2.0,2.0,5256,0,1,0,操作员编号          701 W Operator 1   收银机编号    1,701,1,0,1,0,0,0,0,0,0,0,0,0,1,0,0,0,0,0,0,1,0,0,0,0,0,0,0,0,0,0,0,0,0,0,0,0,0,0,0,0,True
5269,2014-02-11,16:33:31.0000000,-690.0,0,,19020000021926.0,3.0,3.0,5269,0,1,0,操作员编号          701 W Operator 1   收银机编号    1,701,1,0,1,0,0,0,0,0,0,0,0,0,1,0,0,0,0,0,0,1,0,0,0,0,0,0,0,0,0,0,0,0,0,0,0,0,0,0,0,0,True
5284,2014-02-11,17:40:34.0000000,,0,,19010000046081.0,6.0,6.0,5284,0,0,0,操作员编号          701 W Operator 1   收银机编号    1,701,1,0,1,1,1,0,0,0,0,0,0,0,1,0,0,0,0,0,0,1,1,0,0,0,0,0,0,0,0,0,0,0,0,0,0,0,0,0,0,0,True
5287,2014-02-11,18:03:50.0000000,-1030.0,0,,,4.0,4.0,5287,0,1,0,操作员编号          701 W Operator 1   收银机编号    1,701,1,0,1,0,0,0,0,0,0,0,0,0,1,0,0,0,0,0,0,1,0,0,0,0,0,0,0,0,0,0,0,0,0,0,0,0,0,0,0,1,True
5293,2014-02-11,18:18:56.0000000,-450.0,1,10%,19020000042471.0,4.0,4.0,5293,0,1,0,操作员编号          701 W Operator 1   收银机编号    1,701,1,0,1,0,0,0,0,0,0,0,0,0,1,0,0,0,0,0,0,1,0,0,0,0,0,0,0,0,0,0,0,0,0,0,0,0,0,0,0,0,True
5333,2014-02-11,20:46:54.0000000,-630.0,0,,,3.0,3.0,5333,0,1,0,操作员编号          701 W Operator 1   收银机编号    1,701,1,1,1,0,0,0,0,0,0,0,0,0,1,0,0,0,0,0,0,1,0,0,0,0,0,0,0,0,0,0,0,0,0,0,0,0,0,0,0,0,True
5370,2014-02-12,11:48:26.0000000,,0,,,1.0,1.0,5370,0,0,0,操作员编号          701 W Operator 1   收银机编号    1,701,1,0,1,0,0,0,0,0,0,0,0,0,1,0,0,0,0,0,0,1,1,0,0,0,0,0,0,0,0,0,0,0,0,0,0,0,0,0,0,0,True
5371,2014-02-12,12:02:31.0000000,-630.0,0,,,3.0,3.0,5371,0,1,0,操作员编号          701 W Operator 1   收银机编号    1,701,1,0,1,0,0,0,0,0,0,0,0,0,1,0,0,0,0,0,0,1,0,0,0,0,0,0,0,0,0,0,0,0,0,0,0,0,0,0,0,0,True
5388,2014-02-12,12:58:34.0000000,-195.0,0,,,2.0,2.0,5388,0,1,0,操作员编号          701 W Operator 1   收银机编号    1,701,1,0,1,0,0,0,0,0,0,0,0,0,1,0,0,0,0,0,0,1,0,0,0,0,0,0,0,0,0,0,0,0,0,0,0,0,0,0,0,0,True
5430,2014-02-12,15:29:41.0000000,-1105.0,0,,,4.0,4.0,5430,0,1,0,操作员编号          701 W Operator 1   收银机编号    1,701,1,0,1,0,0,0,0,0,0,0,0,0,0,0,0,0,0,1,0,1,1,0,0,0,0,0,0,0,0,0,0,0,0,0,0,0,0,0,0,0,True
5462,2014-02-12,17:55:19.0000000,,0,,19010000016664.0,1.0,1.0,5462,0,0,0,操作员编号          701 W Operator 1   收银机编号    1,701,1,0,1,0,0,0,0,0,0,1,0,0,0,0,0,0,0,0,0,1,1,0,0,0,0,0,0,0,0,0,0,0,0,0,0,0,0,0,0,0,True
5489,2014-02-12,18:47:38.0000000,-690.0,0,,,2.0,2.0,5489,0,1,0,操作员编号          701 W Operator 1   收银机编号    1,701,1,1,1,0,0,0,0,0,0,0,0,0,1,0,0,0,0,0,0,1,0,0,0,0,0,0,0,0,0,0,0,0,0,0,0,0,0,0,0,0,True
5528,2014-02-12,20:41:29.0000000,,0,,,2.0,2.0,5528,0,0,0,操作员编号          701 W Operator 1   收银机编号    1,701,1,1,1,1,1,0,0,0,0,0,0,0,1,0,0,0,0,0,0,1,0,0,0,0,0,0,0,0,0,0,0,0,0,0,0,0,0,0,0,0,True
5530,2014-02-12,20:45:51.0000000,-690.0,0,,,2.0,2.0,5530,0,1,0,操作员编号          701 W Operator 1   收银机编号    1,701,1,1,1,0,0,0,0,0,0,0,0,0,1,0,0,0,0,0,0,1,0,0,0,0,0,0,0,0,0,0,0,0,0,0,0,0,0,0,0,1,True
5679,2014-02-13,16:16:52.0000000,,0,,,1.0,1.0,5679,0,0,0,操作员编号          701 W Operator 1   收银机编号    1,701,1,0,1,0,0,0,0,0,0,0,0,0,1,0,0,0,0,0,0,1,0,0,0,0,0,0,0,0,0,0,0,0,0,0,0,0,0,0,0,0,True
5721,2014-02-13,17:48:32.0000000,-195.0,0,,,2.0,2.0,5721,1,0,0,操作员编号          701 W Operator 1   收银机编号    1,701,1,1,1,0,0,0,0,0,0,0,0,0,1,0,0,0,0,0,0,1,0,0,0,0,0,0,0,0,0,0,0,0,0,0,0,0,0,0,0,0,True
5736,2014-02-13,18:27:05.0000000,-195.0,0,,,2.0,2.0,5736,0,1,0,操作员编号          701 W Operator 1   收银机编号    1,701,1,1,1,0,0,0,0,0,0,0,0,0,0,0,0,0,0,1,0,1,0,0,0,0,0,0,0,0,0,0,0,0,0,0,0,0,0,0,0,0,True
5748,2014-02-13,19:00:50.0000000,-500.0,0,,19010000046418.0,2.0,2.0,5748,0,1,0,操作员编号          701 W Operator 1   收银机编号    1,701,1,1,1,0,0,0,0,0,0,0,0,0,1,0,0,0,0,0,0,1,0,0,0,0,0,0,0,0,0,0,0,0,0,0,0,0,0,0,0,0,True
5752,2014-02-13,19:05:11.0000000,,0,,19010000046647.0,2.0,2.0,5752,0,0,0,操作员编号          701 W Operator 1   收银机编号    1,701,1,1,1,1,1,0,0,0,0,0,0,0,1,0,0,0,0,0,0,1,0,0,0,0,0,0,0,0,0,0,0,0,0,0,0,0,0,0,0,0,True
5754,2014-02-13,19:16:41.0000000,-1021.5,1,10%,,4.0,4.0,5754,0,1,0,操作员编号          701 W Operator 1   收银机编号    1,701,1,1,1,0,0,0,0,0,0,0,0,0,1,0,0,0,0,0,0,1,0,0,0,0,0,0,0,0,0,0,0,0,0,0,0,0,0,0,0,0,True
5759,2014-02-13,19:28:05.0000000,-630.0,0,,,2.0,2.0,5759,0,1,0,操作员编号          701 W Operator 1   收银机编号    1,701,1,1,1,0,0,0,0,0,0,0,0,0,1,0,0,0,0,0,0,1,0,0,0,0,0,0,0,0,0,0,0,0,0,0,0,0,0,0,0,1,True
5776,2014-02-13,19:44:00.0000000,-590.0,0,,,2.0,2.0,5776,0,1,0,操作员编号          701 W Operator 1   收银机编号    1,701,1,0,1,0,0,0,0,0,0,0,0,0,1,0,0,0,0,0,0,1,0,0,0,0,0,0,0,0,0,0,0,0,0,0,0,0,0,0,0,0,True
5806,2014-02-13,20:25:03.0000000,-1090.0,0,,19010000046104.0,3.0,3.0,5806,0,1,0,操作员编号          701 W Operator 1   收银机编号    1,701,1,0,1,0,0,0,0,0,0,0,0,0,1,0,0,0,0,0,0,1,0,0,0,0,0,0,0,0,0,0,0,0,0,0,0,0,0,0,0,0,True
5809,2014-02-13,20:33:37.0000000,-195.0,0,,,2.0,2.0,5809,0,1,0,操作员编号          701 W Operator 1   收银机编号    1,701,1,0,1,0,0,0,0,0,0,0,0,0,1,0,0,0,0,0,0,1,0,0,0,0,0,0,0,0,0,0,0,0,0,0,0,0,0,0,0,0,True
5941,2014-02-14,11:22:48.0000000,-260.0,0,,19010000046371.0,3.0,3.0,5941,1,0,0,操作员编号          701 W Operator 1   收银机编号    1,701,1,0,1,0,0,0,0,0,0,0,0,0,1,0,0,0,0,0,0,1,0,0,0,0,0,0,0,0,0,0,0,0,0,0,0,0,0,0,0,0,True
6051,2014-02-14,14:27:48.0000000,,0,,,4.0,4.0,6051,0,0,0,操作员编号          701 W Operator 1   收银机编号    1,701,1,0,1,1,1,0,0,0,0,0,0,0,1,0,0,0,0,0,0,1,0,0,0,0,0,0,0,0,0,0,0,0,0,0,0,0,0,0,0,0,True
6053,2014-02-14,14:29:49.0000000,-500.0,0,,,2.0,2.0,6053,1,0,0,操作员编号          701 W Operator 1   收银机编号    1,701,1,0,1,0,0,0,0,0,0,0,0,0,0,0,0,0,1,0,0,1,0,0,0,0,0,0,0,0,0,0,0,0,0,0,0,0,0,0,0,0,True
6055,2014-02-14,14:31:08.0000000,-1021.5,1,10%,19020000001126.0,4.0,4.0,6055,0,1,0,操作员编号          701 W Operator 1   收银机编号    1,701,1,0,1,0,0,0,0,0,0,0,0,0,1,0,0,0,0,0,0,1,0,0,0,0,0,0,0,0,0,0,0,0,0,0,0,0,0,0,0,1,True
6057,2014-02-14,14:33:46.0000000,,0,,,3.0,3.0,6057,0,0,0,操作员编号          701 W Operator 1   收银机编号    1,701,1,0,1,1,1,0,0,0,0,0,0,0,0,0,0,0,1,0,0,1,0,0,0,0,0,0,0,0,0,0,0,0,0,0,0,0,0,0,0,0,True
6059,2014-02-14,14:35:01.0000000,-1000.0,0,,19010000046425.0,2.0,2.0,6059,0,1,0,操作员编号          701 W Operator 1   收银机编号    1,701,1,0,1,0,0,0,0,0,0,0,0,0,0,0,0,0,1,0,0,1,0,0,0,0,0,0,0,0,0,0,0,0,0,0,0,0,0,0,0,0,True
6062,2014-02-14,14:37:32.0000000,-340.0,0,,,2.0,2.0,6062,0,1,0,操作员编号          701 W Operator 1   收银机编号    1,701,1,0,1,0,0,0,0,0,0,0,0,0,0,0,0,0,1,0,0,1,0,0,0,0,0,0,0,0,0,0,0,0,0,0,0,0,0,0,0,0,True
6068,2014-02-14,14:39:28.0000000,-1010.0,0,,19010000046746.0,4.0,4.0,6068,0,1,0,操作员编号          701 W Operator 1   收银机编号    1,701,1,0,1,0,0,0,0,0,0,0,0,0,0,0,0,0,1,0,0,1,0,0,0,0,0,0,0,0,0,0,0,0,0,0,0,0,0,0,0,1,True
6113,2014-02-14,15:45:57.0000000,-340.0,0,,,2.0,2.0,6113,0,1,0,操作员编号          701 W Operator 1   收银机编号    1,701,1,0,1,0,0,0,1,0,0,0,0,0,0,0,0,0,1,0,0,1,0,0,0,0,0,0,0,0,0,0,1,0,0,0,0,0,0,0,0,0,True
6138,2014-02-14,16:11:30.0000000,-340.0,0,,,2.0,2.0,6138,0,1,0,操作员编号          701 W Operator 1   收银机编号    1,701,1,0,1,0,0,0,0,0,0,0,0,0,0,0,0,0,1,0,0,1,0,0,0,0,0,0,0,0,0,0,0,0,0,0,0,0,0,0,0,0,True
6244,2014-02-14,19:33:13.0000000,-340.0,0,,,2.0,2.0,6244,0,1,0,操作员编号          701 W Operator 1   收银机编号    1,701,1,0,1,0,0,0,0,0,0,0,0,0,0,0,0,0,1,0,0,1,0,0,0,0,0,0,0,0,0,0,0,0,0,0,0,0,0,0,0,0,True
6248,2014-02-14,19:39:06.0000000,-500.0,0,,,2.0,2.0,6248,0,1,0,操作员编号          701 W Operator 1   收银机编号    1,701,1,0,1,0,0,0,0,0,0,0,0,0,0,0,0,0,1,0,0,1,0,0,0,0,0,0,0,0,0,0,0,0,0,0,0,0,0,0,0,0,True
6267,2014-02-14,20:13:58.0000000,-500.0,0,,,2.0,2.0,6267,1,0,0,操作员编号          701 W Operator 1   收银机编号    1,701,1,0,1,0,0,0,0,0,0,0,0,0,0,0,0,0,1,0,0,1,0,0,0,0,0,0,0,0,0,0,0,0,0,0,0,0,0,0,0,0,True
6272,2014-02-14,20:18:38.0000000,-340.0,0,,,2.0,2.0,6272,1,0,0,操作员编号          701 W Operator 1   收银机编号    1,701,1,0,1,0,0,0,0,0,0,0,0,0,0,0,0,0,1,0,0,1,1,0,0,0,0,0,0,0,0,0,0,0,0,0,0,0,0,0,0,0,True
6280,2014-02-14,20:41:36.0000000,,0,,,2.0,2.0,6280,0,0,0,操作员编号          701 W Operator 1   收银机编号    1,701,1,0,1,1,1,0,0,0,0,0,0,0,0,0,0,0,1,0,0,1,0,0,0,0,0,0,0,0,0,0,0,0,0,0,0,0,0,0,0,0,True
6282,2014-02-14,20:42:14.0000000,-435.0,0,,,2.0,2.0,6282,0,1,0,操作员编号          701 W Operator 1   收银机编号    1,701,1,0,1,0,0,0,0,0,0,0,0,0,0,0,0,0,1,0,0,1,0,0,0,0,0,0,0,0,0,0,0,0,0,0,0,0,0,0,0,1,True
6463,2014-02-16,12:19:24.0000000,-1045.0,0,,19010000046920.0,3.0,3.0,6463,0,1,0,操作员编号          701 W Operator 1   收银机编号    1,701,1,0,1,0,0,0,0,0,0,0,0,0,1,0,0,0,0,0,0,1,1,0,0,0,0,0,0,0,0,0,0,0,0,0,0,0,0,0,0,0,True
6498,2014-02-16,14:50:49.0000000,-195.0,0,,,2.0,2.0,6498,1,0,0,操作员编号          701 W Operator 1   收银机编号    1,701,1,0,1,0,0,0,0,0,0,0,0,0,0,0,0,0,1,0,0,1,0,0,0,0,0,0,0,0,0,0,0,0,0,0,0,0,0,0,0,0,True
6536,2014-02-16,17:23:11.0000000,,0,,,1.0,1.0,6536,0,0,0,操作员编号          701 W Operator 1   收银机编号    1,701,1,0,1,0,0,0,0,0,0,0,0,1,0,0,0,0,0,0,0,1,0,0,0,0,0,0,0,0,0,0,0,0,0,0,0,0,0,0,0,0,True
6696,2014-02-17,17:16:15.0000000,,0,,19010000038109.0,1.0,1.0,6696,0,0,0,操作员编号          701 W Operator 1   收银机编号    1,701,1,0,1,0,0,0,0,0,0,1,0,0,0,0,0,0,0,0,0,1,0,0,0,0,0,0,0,0,0,0,0,0,0,0,0,0,0,0,0,0,True
6717,2014-02-17,20:24:38.0000000,,0,,19020000000839.0,1.0,1.0,6717,0,0,0,操作员编号          701 W Operator 1   收银机编号    1,701,1,0,1,0,0,0,0,0,0,1,0,0,0,0,0,0,0,0,0,1,0,0,0,0,0,0,0,0,0,0,0,0,0,0,0,0,0,0,0,0,True
6756,2014-02-18,18:34:25.0000000,-9920.0,0,,,11.0,11.0,6756,1,0,0,操作员编号          701 W Operator 1   收银机编号    1,701,1,1,1,0,0,0,0,0,0,0,0,0,1,0,1,0,1,0,0,1,0,0,0,0,0,0,0,0,0,0,0,0,0,0,0,0,0,0,0,0,True
6764,2014-02-18,18:52:37.0000000,-9920.0,0,,,11.0,11.0,6764,1,0,0,操作员编号          701 W Operator 1   收银机编号    1,701,1,1,1,0,0,0,0,0,0,0,0,0,1,0,1,0,1,0,0,1,0,0,0,0,0,0,0,0,0,0,0,0,0,0,0,0,0,0,0,0,True
6766,2014-02-18,19:05:05.0000000,,0,,,9.0,9.0,6766,0,0,0,操作员编号          701 W Operator 1   收银机编号    1,701,1,0,1,0,0,0,0,0,0,0,0,0,1,1,1,1,0,1,1,1,0,0,0,0,0,0,0,0,0,0,0,0,0,0,0,0,0,0,0,0,True
6813,2014-02-19,13:23:53.0000000,,0,,,1.0,1.0,6813,0,0,0,操作员编号          701 W Operator 1   收银机编号    1,701,1,0,1,0,0,0,0,0,0,1,0,0,0,0,0,0,0,0,0,1,0,0,0,0,0,0,0,0,0,0,0,0,0,0,0,0,0,0,0,0,True
6814,2014-02-19,13:24:03.0000000,,0,,,1.0,1.0,6814,0,0,0,操作员编号          701 W Operator 1   收银机编号    1,701,1,0,1,0,0,0,0,0,0,1,0,0,0,0,0,0,0,0,0,1,0,0,0,0,0,0,0,0,0,0,0,0,0,0,0,0,0,0,0,0,True
6815,2014-02-19,13:24:46.0000000,,0,,19010000041062.0,1.0,1.0,6815,0,0,0,操作员编号          701 W Operator 1   收银机编号    1,701,1,0,1,0,0,0,0,0,1,0,0,0,0,0,0,0,0,0,0,1,0,0,0,0,0,0,0,0,0,0,0,0,0,0,0,0,0,0,0,0,True
6842,2014-02-19,21:04:24.0000000,,0,,19010000039915.0,1.0,1.0,6842,0,0,0,操作员编号          701 W Operator 1   收银机编号    1,701,1,0,1,0,0,0,0,0,1,0,0,0,0,0,0,0,0,0,0,1,1,0,0,0,0,0,0,0,0,0,0,0,0,0,0,0,0,0,1,0,True
6853,2014-02-20,14:13:50.0000000,-272.2,0,,,6.0,6.0,6853,1,0,0,操作员编号          701 W Operator 1   收银机编号    1,701,1,0,1,0,0,0,0,0,0,0,0,1,0,0,0,0,0,0,0,1,0,0,0,0,0,0,0,0,0,0,0,0,0,0,0,0,0,0,0,0,True
6904,2014-02-20,22:05:22.0000000,,0,,,1.0,1.0,6904,0,0,0,操作员编号          701 W Operator 1   收银机编号    1,701,1,0,1,1,1,0,0,0,1,0,0,0,0,0,0,0,0,0,0,1,0,0,0,0,0,0,0,0,0,0,0,0,0,0,0,0,0,0,0,0,True
6906,2014-02-20,22:05:55.0000000,,0,,19010000031094.0,1.0,1.0,6906,0,0,0,操作员编号          701 W Operator 1   收银机编号    1,701,1,0,1,0,0,0,0,0,1,0,0,0,0,0,0,0,0,0,0,1,0,0,0,0,0,0,0,0,0,0,0,0,0,0,0,0,0,0,1,1,True
6956,2014-02-21,19:32:51.0000000,,0,,19010000032923.0,1.0,1.0,6956,0,0,0,操作员编号          701 W Operator 1   收银机编号    1,701,1,0,1,0,0,0,0,0,1,0,0,0,0,0,0,0,0,0,0,1,0,0,0,0,0,0,0,0,0,0,0,0,0,0,0,0,0,0,0,0,True
6965,2014-02-21,20:14:00.0000000,-109.2,0,,,1.0,1.0,6965,0,0,1,操作员编号          701 W Operator 1   收银机编号    1,701,1,1,1,0,0,0,0,0,0,0,0,0,0,0,0,0,0,0,0,0,0,0,0,0,0,0,0,0,0,0,0,0,0,0,0,0,0,0,0,0,True
6974,2014-02-21,20:46:17.0000000,-109.2,0,,,1.0,1.0,6974,0,0,1,操作员编号          701 W Operator 1   收银机编号    1,701,1,0,1,0,0,0,0,0,0,0,0,0,0,0,0,0,0,0,0,0,0,0,0,0,0,0,0,0,0,0,0,0,0,0,0,0,0,0,0,0,True
7015,2014-02-22,13:16:59.0000000,,0,,,2.0,2.0,7015,0,0,0,操作员编号          701 W Operator 1   收银机编号    1,701,1,0,1,1,0,1,0,0,0,0,0,0,0,0,0,0,0,0,1,1,0,0,0,0,0,0,0,0,0,0,0,0,0,0,0,0,0,0,0,0,True
7025,2014-02-22,15:08:01.0000000,,0,,19010000040805.0,1.0,1.0,7025,0,0,0,操作员编号          701 W Operator 1   收银机编号    1,701,1,0,1,0,0,0,0,0,1,0,0,0,0,0,0,0,0,0,0,1,0,0,0,0,0,0,0,0,0,0,0,0,0,0,0,0,0,0,0,0,True
7026,2014-02-22,15:09:10.0000000,,0,,19010000041260.0,1.0,1.0,7026,0,0,0,操作员编号          701 W Operator 1   收银机编号    1,701,1,0,1,0,0,0,0,0,1,0,0,0,0,0,0,0,0,0,0,1,0,0,0,0,0,0,0,0,0,0,0,0,0,0,0,0,0,0,0,0,True
7053,2014-02-22,17:04:16.0000000,-340.0,0,,,2.0,2.0,7053,0,1,0,操作员编号          701 W Operator 1   收银机编号    1,701,1,0,1,0,0,0,0,0,0,0,0,0,0,0,0,0,0,0,1,1,0,0,0,0,0,0,0,0,0,0,0,0,0,0,0,0,0,0,0,0,True
7073,2014-02-22,18:27:38.0000000,-310.2,0,,,3.0,3.0,7073,1,0,1,操作员编号          701 W Operator 1   收银机编号    1,701,1,1,1,0,0,0,0,0,0,0,0,0,0,0,0,0,0,0,0,0,0,0,0,0,0,0,0,0,0,0,0,0,0,0,0,0,0,0,0,0,True
7075,2014-02-22,18:29:08.0000000,-310.2,0,,,3.0,3.0,7075,1,0,1,操作员编号          701 W Operator 1   收银机编号    1,701,1,0,1,0,0,0,0,0,0,0,0,0,0,0,0,0,0,0,0,0,1,0,0,0,0,0,0,0,0,0,0,0,0,0,0,0,0,0,0,0,True
7079,2014-02-22,18:36:25.0000000,-310.2,0,,,3.0,3.0,7079,1,0,1,操作员编号          701 W Operator 1   收银机编号    1,701,1,1,1,0,0,0,0,0,0,0,0,0,0,0,0,0,0,0,0,0,0,0,0,0,0,0,0,0,0,0,0,0,0,0,0,0,0,0,0,0,True
7095,2014-02-22,20:12:38.0000000,,0,,19010000044537.0,1.0,1.0,7095,0,0,0,操作员编号          701 W Operator 1   收银机编号    1,701,1,0,1,0,0,0,0,0,1,0,0,0,0,0,0,0,0,0,0,1,0,0,0,0,0,0,0,0,0,0,0,0,0,0,0,0,0,0,0,0,True
7107,2014-02-22,21:12:53.0000000,-58.5,1,10%,19010000018477.0,2.0,2.0,7107,1,0,0,操作员编号          701 W Operator 1   收银机编号    1,701,1,0,1,0,0,0,0,0,0,1,0,0,0,0,0,0,0,0,0,1,0,0,0,0,0,0,0,0,0,0,0,0,0,0,0,0,0,0,1,0,True
7139,2014-02-23,14:54:18.0000000,,0,,19010000041253.0,1.0,1.0,7139,0,0,0,操作员编号          701 W Operator 1   收银机编号    1,701,1,0,1,0,0,0,0,0,1,0,0,0,0,0,0,0,0,0,0,1,0,0,0,0,0,0,0,0,0,0,0,0,0,0,0,0,0,0,0,0,True
7155,2014-02-23,16:43:09.0000000,-340.0,0,,,2.0,2.0,7155,0,1,0,操作员编号          701 W Operator 1   收银机编号    1,701,1,0,1,0,0,0,0,0,0,0,0,0,0,0,0,0,0,0,1,1,0,0,0,0,0,0,0,0,0,0,0,0,0,0,0,0,0,0,0,0,True
7186,2014-02-24,16:41:02.0000000,,0,,,2.0,2.0,7186,0,0,0,操作员编号          701 W Operator 1   收银机编号    1,701,1,0,1,1,0,1,0,0,0,0,0,0,0,0,0,0,0,0,1,1,0,0,0,0,0,0,0,0,0,0,0,0,0,0,0,0,0,0,0,0,True
7227,2014-02-25,10:15:02.0000000,-340.0,0,,,2.0,2.0,7227,0,1,0,操作员编号          701 W Operator 1   收银机编号    1,701,1,0,1,0,0,0,0,0,0,0,0,0,0,0,0,0,0,0,1,1,1,0,0,0,0,0,0,0,0,0,0,0,0,0,0,0,0,1,0,0,True
7251,2014-02-25,17:18:52.0000000,-489.28,1,20%,19010000036709.0,5.0,5.0,7251,0,1,0,操作员编号          701 W Operator 1   收银机编号    1,701,1,0,1,0,0,0,0,0,0,1,0,0,0,0,0,0,0,0,0,1,0,0,0,0,0,0,0,0,0,0,0,0,0,0,0,0,0,0,0,0,True
7268,2014-02-25,20:01:57.0000000,,0,,19010000042847.0,1.0,1.0,7268,0,0,0,操作员编号          701 W Operator 1   收银机编号    1,701,1,0,1,0,0,0,0,0,1,0,0,0,0,0,0,0,0,0,0,1,0,0,0,0,0,0,0,0,0,0,0,0,0,0,0,0,0,0,0,0,True
7269,2014-02-25,20:02:19.0000000,,0,,19010000042830.0,1.0,1.0,7269,0,0,0,操作员编号          701 W Operator 1   收银机编号    1,701,1,0,1,0,0,0,0,0,1,0,0,0,0,0,0,0,0,0,0,1,0,0,0,0,0,0,0,0,0,0,0,0,0,0,0,0,0,0,1,0,True
7271,2014-02-25,20:20:34.0000000,,0,,,1.0,1.0,7271,0,0,0,操作员编号          701 W Operator 1   收银机编号    1,701,1,1,1,1,0,1,0,0,0,0,0,0,0,0,0,0,0,0,1,1,0,0,0,0,0,0,0,0,0,0,0,0,0,0,0,0,0,0,0,0,True
7294,2014-02-26,14:23:01.0000000,-630.0,0,,19010000036891.0,4.0,4.0,7294,0,1,0,操作员编号          701 W Operator 1   收银机编号    1,701,1,0,1,0,0,0,0,0,0,0,0,0,0,0,0,0,0,0,1,1,1,0,0,0,0,0,0,0,0,0,0,0,0,0,0,0,0,0,0,0,True
7335,2014-02-27,13:45:35.0000000,-392.0,1,20%,19010000023334.0,2.0,2.0,7335,0,1,0,操作员编号          701 W Operator 1   收银机编号    1,701,1,0,1,0,0,0,0,0,0,1,0,0,0,0,0,0,0,0,0,1,0,0,0,0,0,0,0,0,0,0,0,0,0,0,0,0,0,0,0,0,True
7345,2014-02-27,18:24:25.0000000,-450.0,1,10%,19010000046159.0,2.0,2.0,7345,1,0,0,操作员编号          701 W Operator 1   收银机编号    1,701,1,0,1,0,0,0,0,0,0,0,0,0,0,0,0,0,0,0,1,1,0,0,0,0,0,0,0,0,0,0,0,0,0,0,0,0,0,0,0,0,True
7370,2014-02-28,14:34:16.0000000,-180.0,1,10%,19010000045770.0,2.0,2.0,7370,0,1,0,操作员编号          701 W Operator 1   收银机编号    1,701,1,0,1,0,0,0,0,0,0,1,0,0,0,0,0,0,0,0,0,1,0,0,0,0,0,0,0,0,0,0,0,0,0,0,0,0,0,1,0,0,True
7372,2014-02-28,16:28:42.0000000,-353.88,1,10%,19010000021668.0,7.0,7.0,7372,0,1,0,操作员编号          701 W Operator 1   收银机编号    1,701,1,0,1,0,0,0,0,0,1,0,0,0,0,0,0,0,0,0,0,1,0,0,0,0,0,0,0,0,0,0,0,0,0,0,0,0,0,0,0,0,True
7389,2014-02-28,18:55:32.0000000,,0,,19010000025574.0,2.0,2.0,7389,0,0,0,操作员编号          701 W Operator 1   收银机编号    1,701,1,0,1,0,0,0,0,0,1,1,0,0,0,0,0,0,0,0,0,1,0,0,0,0,0,0,0,0,0,0,0,0,0,0,0,0,0,0,0,0,True
7398,2014-02-28,21:17:55.0000000,-630.0,0,,19010000048610.0,2.0,2.0,7398,0,1,0,操作员编号          701 W Operator 1   收银机编号    1,701,1,0,1,0,0,0,0,0,0,0,0,0,0,0,0,0,0,0,1,1,0,0,0,0,0,0,0,0,0,0,0,0,0,0,0,0,0,0,0,0,True
7434,2014-03-01,16:02:41.0000000,-688.2,0,,19010000048481.0,5.0,5.0,7434,1,0,0,操作员编号          701 W Operator 1   收银机编号    1,701,1,0,1,0,0,0,0,0,0,0,0,0,0,0,0,0,0,0,1,1,0,0,0,0,0,0,0,0,0,0,0,0,0,0,0,0,0,0,0,0,True
7436,2014-03-01,16:30:34.0000000,-1000.0,0,,19010000048474.0,5.0,5.0,7436,0,1,0,操作员编号          701 W Operator 1   收银机编号    1,701,1,0,1,0,0,0,0,0,0,0,0,0,0,0,0,0,0,0,1,1,0,0,0,0,0,0,0,0,0,0,0,0,0,0,0,0,0,0,0,0,True
7455,2014-03-01,18:51:01.0000000,-1530.0,1,10%,19020000012832.0,2.0,2.0,7455,0,1,0,操作员编号          701 W Operator 1   收银机编号    1,701,1,0,1,0,0,0,0,0,0,0,0,0,0,0,0,0,0,0,1,1,0,0,0,0,0,0,0,0,0,0,0,0,0,0,0,0,0,0,1,0,True
7490,2014-03-02,12:29:02.0000000,-715.7,0,,,2.0,2.0,7490,0,1,1,操作员编号          701 W Operator 1   收银机编号    1,701,1,1,1,0,0,0,0,0,0,0,0,0,0,0,0,0,0,0,0,0,0,0,0,0,0,0,0,0,0,0,0,0,0,0,0,0,0,0,0,0,True
7587,2014-03-04,12:14:35.0000000,-1011.8,0,,19010000033708.0,7.0,7.0,7587,0,1,0,操作员编号          701 W Operator 2   收银机编号    1,701,1,0,1,0,0,0,0,0,0,0,0,0,0,0,0,0,0,0,1,1,0,0,0,0,0,0,0,0,0,0,0,0,0,0,0,0,0,0,0,0,True
7596,2014-03-04,14:32:32.0000000,,0,,,1.0,1.0,7596,0,0,0,操作员编号          701 W Operator 2   收银机编号    1,701,1,0,1,0,0,0,0,0,0,0,0,1,0,0,0,0,0,0,0,1,0,0,0,0,0,0,0,0,0,0,0,0,0,0,0,0,0,0,0,0,True
7639,2014-03-05,13:03:50.0000000,-450.0,1,10%,19020000031314.0,2.0,2.0,7639,0,1,0,操作员编号          701 W Operator 2   收银机编号    1,701,1,0,1,0,0,0,0,0,0,0,0,0,1,0,0,0,0,0,0,1,0,0,0,0,0,0,0,0,0,0,0,0,0,0,0,0,0,0,0,0,True
7721,2014-03-07,11:58:10.0000000,-2700.0,1,10%,19010000018392.0,4.0,4.0,7721,0,1,0,操作员编号          701 W Operator 2   收银机编号    1,701,1,0,1,0,0,0,0,0,0,0,0,0,0,0,0,0,0,0,1,1,0,0,0,0,0,0,0,0,0,0,0,0,0,0,0,0,0,0,0,0,True
7800,2014-03-08,13:49:14.0000000,,0,,,1.0,1.0,7800,0,0,0,操作员编号          701 W Operator 2   收银机编号    1,701,1,0,1,0,0,0,0,0,0,0,0,1,0,0,0,0,0,0,0,1,0,0,0,0,0,0,0,0,0,0,0,0,0,0,0,0,0,0,0,0,True
7804,2014-03-08,14:51:06.0000000,-415.0,0,,,3.0,3.0,7804,0,1,0,操作员编号          701 W Operator 2   收银机编号    1,701,1,0,1,0,0,0,0,0,0,0,0,1,0,0,0,0,0,0,0,1,0,0,0,0,0,0,0,0,0,0,0,0,0,0,0,0,0,0,0,0,True
7809,2014-03-08,15:31:19.0000000,-383.04,1,10%,19020000037217.0,4.0,3.0,7809,0,1,0,操作员编号          701 W Operator 2   收银机编号    1,701,1,0,1,0,0,0,0,0,0,0,0,1,0,0,0,0,0,0,0,1,0,0,0,0,0,0,0,0,0,0,0,0,0,0,0,0,0,0,0,0,True
7847,2014-03-08,21:00:45.0000000,-394.4,0,,,5.0,5.0,7847,1,0,0,操作员编号          701 W Operator 2   收银机编号    1,701,1,0,1,0,0,0,0,0,0,0,0,1,0,0,0,0,0,0,0,1,1,0,0,0,0,0,0,0,0,0,0,0,0,0,0,0,0,0,0,0,True
7942,2014-03-10,17:11:18.0000000,-20.0,0,,,2.0,2.0,7942,0,1,0,操作员编号          701 W Operator 2   收银机编号    1,701,1,0,1,0,0,0,0,0,0,0,0,1,0,0,0,0,0,0,0,1,0,0,0,0,0,0,0,0,0,0,0,0,0,0,0,0,0,0,0,0,True
7961,2014-03-10,21:32:07.0000000,,0,,,1.0,1.0,7961,0,0,0,操作员编号          701 W Operator 2   收银机编号    1,701,1,0,1,1,1,0,0,0,0,0,0,1,0,0,0,0,0,0,0,1,0,0,0,0,0,0,0,0,0,0,0,0,0,0,0,0,0,1,0,0,True
8033,2014-03-12,18:28:36.0000000,,1,20%,,27.0,24.0,8033,0,0,0,操作员编号          701 W Operator 2   收银机编号    1,701,1,0,1,1,1,0,0,0,0,0,0,0,1,0,0,0,0,0,0,1,0,0,0,0,0,0,0,0,0,0,0,0,0,0,0,0,0,0,0,0,True
8036,2014-03-12,18:39:12.0000000,,1,20%,,26.0,24.0,8036,0,0,0,操作员编号          701 W Operator 2   收银机编号    1,701,1,0,1,1,1,0,0,0,0,0,0,0,1,0,0,0,0,0,0,1,0,0,0,0,0,0,0,0,0,0,0,0,0,0,0,0,0,0,0,1,True
8037,2014-03-12,18:44:54.0000000,-6200.0,0,,19020000001126.0,24.0,24.0,8037,0,1,0,操作员编号          701 W Operator 2   收银机编号    1,701,1,0,1,0,0,0,0,0,0,0,0,0,1,0,0,0,0,0,0,1,0,0,0,0,0,0,0,0,0,0,0,0,0,0,0,0,0,0,0,1,True
8041,2014-03-12,19:19:54.0000000,-1030.0,0,,19010000049242.0,6.0,6.0,8041,0,1,0,操作员编号          701 W Operator 2   收银机编号    1,701,1,0,1,0,0,0,0,0,0,0,0,0,0,0,0,0,0,0,1,1,0,0,0,0,0,0,0,0,0,0,0,0,0,0,0,0,0,0,0,0,True
8042,2014-03-12,19:26:55.0000000,-505.62,1,10%,15020000053204.0,6.0,6.0,8042,0,1,0,操作员编号          701 W Operator 2   收银机编号    1,701,1,0,1,0,0,0,0,0,0,0,0,0,0,0,0,0,0,0,1,1,0,0,0,0,0,0,0,0,0,0,0,0,0,0,0,0,0,0,0,0,True
8081,2014-03-13,15:06:03.0000000,-170.0,1,50%,,2.0,2.0,8081,0,1,0,操作员编号          701 W Operator 2   收银机编号    1,701,1,0,1,0,0,0,0,0,0,0,0,0,1,0,0,0,0,0,0,1,0,0,0,0,0,0,0,0,0,0,0,0,0,0,0,0,0,0,0,0,True
8161,2014-03-14,10:46:43.0000000,-330.0,0,,,3.0,3.0,8161,1,0,0,操作员编号          701 W Operator 2   收银机编号    1,701,1,0,1,0,0,0,0,0,0,0,0,1,0,0,0,0,0,0,0,1,0,0,0,0,0,0,0,0,0,0,0,0,0,0,0,0,0,0,0,0,True
8210,2014-03-14,16:09:00.0000000,-1000.0,0,,,4.0,4.0,8210,0,1,0,操作员编号          701 W Operator 2   收银机编号    1,701,1,0,1,0,0,0,0,0,0,0,0,0,0,0,0,0,0,0,1,1,0,0,0,0,0,0,0,0,0,0,0,0,0,0,0,0,0,0,0,1,True
8254,2014-03-14,20:04:05.0000000,,0,,19010000041086.0,1.0,1.0,8254,0,0,0,操作员编号          701 W Operator 2   收银机编号    1,701,1,0,1,0,0,0,0,0,1,0,0,0,0,0,0,0,0,0,0,1,0,0,0,0,0,0,0,0,0,0,0,0,0,0,0,0,0,0,0,0,True
8475,2014-03-16,21:35:57.0000000,-110.0,0,,,2.0,2.0,8475,1,0,1,操作员编号          701 W Operator 2   收银机编号    1,701,1,1,1,0,0,0,0,0,0,0,0,0,0,0,0,0,0,0,0,0,0,0,0,0,0,0,0,0,0,0,0,0,0,0,0,0,0,0,0,0,True
8581,2014-03-18,14:30:40.0000000,-400.0,0,,,11.0,11.0,8581,1,0,0,操作员编号          701 W Operator 2   收银机编号    1,701,1,1,1,0,0,0,0,0,0,0,0,0,1,0,1,0,1,0,0,1,0,0,0,0,0,0,0,0,0,0,0,0,0,0,0,0,0,0,0,0,True
8583,2014-03-18,14:42:17.0000000,,0,,,8.0,8.0,8583,0,0,0,操作员编号          701 W Operator 2   收银机编号    1,701,1,0,1,0,0,0,0,0,0,0,0,1,0,0,1,1,0,0,0,1,0,0,0,0,0,0,0,0,0,0,0,0,0,0,0,0,0,0,0,0,True
8589,2014-03-18,16:46:55.0000000,,0,,19020000043355.0,1.0,1.0,8589,0,0,0,操作员编号          701 W Operator 2   收银机编号    1,701,1,0,1,0,0,0,0,0,1,0,0,0,0,0,0,0,0,0,0,1,0,0,0,0,0,0,0,0,0,0,0,0,0,0,0,0,0,0,0,0,True
8601,2014-03-18,19:01:47.0000000,-20.0,0,,,2.0,2.0,8601,1,0,0,操作员编号          701 W Operator 2   收银机编号    1,701,1,0,1,0,0,0,0,0,0,0,0,1,0,0,0,0,0,0,0,1,0,0,0,0,0,0,0,0,0,0,0,0,0,0,0,0,0,0,0,0,True
8636,2014-03-19,18:54:30.0000000,,0,,,1.0,1.0,8636,0,0,0,操作员编号          701 W Operator 2   收银机编号    1,701,1,0,1,1,0,1,0,0,0,0,0,1,0,0,0,0,0,0,0,1,0,0,0,0,0,0,0,0,0,0,0,0,0,0,0,0,0,0,0,0,True
8644,2014-03-19,19:56:08.0000000,,0,,,,,8644,0,0,0,操作员编号          701 W Operator 2   收银机编号    1,701,1,0,0,0,0,0,0,0,0,0,0,0,0,0,0,0,1,0,0,1,0,0,0,0,0,1,0,0,0,0,0,0,0,0,0,0,0,0,0,0,True
8710,2014-03-20,22:55:08.0000000,,0,,,2.0,2.0,8710,0,0,0,操作员编号          701 W Operator 2   收银机编号    1,701,1,0,1,0,0,0,0,0,0,0,0,0,0,0,0,0,0,0,1,1,0,0,0,0,0,0,0,0,0,0,0,0,0,0,0,0,0,0,0,0,True
8735,2014-03-21,13:18:32.0000000,,0,,19010000045954.0,1.0,1.0,8735,0,0,0,操作员编号          701 W Operator 2   收银机编号    1,701,1,0,1,0,0,0,0,0,1,0,0,0,0,0,0,0,0,0,0,1,0,0,0,0,0,0,0,0,0,0,0,0,0,0,0,0,0,0,0,0,True
8736,2014-03-21,13:24:28.0000000,,0,,19010000045558.0,1.0,1.0,8736,0,0,0,操作员编号          701 W Operator 2   收银机编号    1,701,1,0,1,0,0,0,0,0,0,0,1,0,0,0,0,0,0,0,0,1,0,0,0,0,0,0,0,0,0,0,0,0,0,0,0,0,0,0,0,0,True
8737,2014-03-21,13:24:59.0000000,,0,,,1.0,1.0,8737,0,0,0,操作员编号          701 W Operator 2   收银机编号    1,701,1,0,1,0,0,0,0,0,1,0,0,0,0,0,0,0,0,0,0,1,0,0,0,0,0,0,0,0,0,0,0,0,0,0,0,0,0,0,0,0,True
8762,2014-03-21,19:01:18.0000000,,0,,19020000043874.0,1.0,1.0,8762,0,0,0,操作员编号          701 W Operator 2   收银机编号    1,701,1,0,1,0,0,0,0,0,1,0,0,0,0,0,0,0,0,0,0,1,0,0,0,0,0,0,0,0,0,0,0,0,0,0,0,0,0,0,0,0,True
8813,2014-03-22,13:22:51.0000000,,0,,19010000047125.0,1.0,1.0,8813,0,0,0,操作员编号          701 W Operator 2   收银机编号    1,701,1,0,1,0,0,0,0,0,0,1,0,0,0,0,0,0,0,0,0,1,0,0,0,0,0,0,0,0,0,0,0,0,0,0,0,0,0,0,0,0,True
8833,2014-03-22,15:28:38.0000000,,0,,19010000040393.0,1.0,1.0,8833,0,0,0,操作员编号          701 W Operator 2   收银机编号    1,701,1,0,1,0,0,0,0,0,1,0,0,0,0,0,0,0,0,0,0,1,0,0,0,0,0,0,0,0,0,0,0,0,0,0,0,0,0,0,0,0,True
9376,2014-03-31,12:27:47.0000000,,0,,19010000025604.0,1.0,1.0,9376,0,0,0,操作员编号          701 W Operator 2   收银机编号    1,701,1,0,1,0,0,0,0,0,0,1,0,0,0,0,0,0,0,0,0,1,0,0,0,0,0,0,0,0,0,0,0,0,0,0,0,0,0,0,0,0,True
9406,2014-03-31,20:15:11.0000000,,0,,19010000025284.0,1.0,1.0,9406,0,0,0,操作员编号          701 W Operator 2   收银机编号    1,701,1,0,1,0,0,0,1,0,1,0,0,0,0,0,0,0,0,0,0,1,0,0,0,0,0,0,0,0,0,0,0,0,0,0,0,0,0,1,0,0,True
9454,2014-04-01,19:00:51.0000000,-205.8,0,,,2.0,2.0,9454,1,0,1,操作员编号          701 W Operator 2   收银机编号    1,701,1,0,1,0,0,0,0,0,0,0,0,0,0,0,0,0,0,0,0,0,1,0,0,0,0,0,0,0,0,0,0,0,0,0,0,0,0,0,0,0,True
9456,2014-04-01,19:29:09.0000000,-170.0,0,,,1.0,1.0,9456,1,0,1,操作员编号          701 W Operator 2   收银机编号    1,701,1,1,1,0,0,0,0,0,0,0,0,0,0,0,0,0,0,0,0,0,0,0,0,0,0,0,0,0,0,0,0,0,0,0,0,0,0,0,0,0,True
9578,2014-04-03,17:37:39.0000000,-5850.0,1,10%,19010000036495.0,2.0,2.0,9578,0,1,0,操作员编号          701 W Operator 2   收银机编号    1,701,1,0,1,0,0,0,0,0,0,0,0,0,0,0,0,0,1,0,0,1,0,0,0,0,0,0,0,0,0,0,0,0,0,0,0,0,0,0,0,0,True
9932,2014-04-06,12:03:08.0000000,,0,,19010000045053.0,1.0,1.0,9932,0,0,0,操作员编号          701 W Operator 2   收银机编号    1,701,1,0,1,0,0,0,0,0,1,0,0,0,0,0,0,0,0,0,0,1,0,0,0,0,0,0,0,0,0,0,0,0,0,0,0,0,0,0,0,0,True
